term,Coef.,Std.Err.,z,P>|z|,[0.025,0.975],signal,metric
C(model)[T.Autoformer],0.037,0.002,20.068,0.000,0.034,0.041,Drift_Harmonic,mae
C(model)[T.CSDI],-0.088,0.002,-46.996,0.000,-0.091,-0.084,Drift_Harmonic,mae
C(model)[T.DLinear],-0.003,0.002,-1.665,0.096,-0.007,0.001,Drift_Harmonic,mae
C(model)[T.FITS],0.027,0.002,14.228,0.000,0.023,0.030,Drift_Harmonic,mae
C(model)[T.FreMLP],-0.098,0.002,-52.687,0.000,-0.102,-0.095,Drift_Harmonic,mae
C(model)[T.MICN_Mean],-0.097,0.002,-52.174,0.000,-0.101,-0.094,Drift_Harmonic,mae
C(model)[T.MICN_Regre],-0.097,0.002,-52.067,0.000,-0.101,-0.093,Drift_Harmonic,mae
C(model)[T.MLinear],-0.092,0.002,-49.439,0.000,-0.096,-0.088,Drift_Harmonic,mae
C(model)[T.ModernTCN],-0.053,0.002,-28.366,0.000,-0.057,-0.049,Drift_Harmonic,mae
C(model)[T.NBeats],-0.100,0.002,-53.450,0.000,-0.103,-0.096,Drift_Harmonic,mae
C(model)[T.PatchTST],-0.070,0.002,-37.313,0.000,-0.073,-0.066,Drift_Harmonic,mae
C(model)[T.TSMixer],-0.090,0.002,-48.523,0.000,-0.094,-0.087,Drift_Harmonic,mae
C(model)[T.Transformer],-0.087,0.002,-46.524,0.000,-0.090,-0.083,Drift_Harmonic,mae
C(model)[T.Autoformer],27.720,1.898,14.608,0.000,24.001,31.439,Drift_Harmonic,phase
C(model)[T.CSDI],-37.393,1.898,-19.707,0.000,-41.112,-33.674,Drift_Harmonic,phase
C(model)[T.DLinear],-0.574,1.898,-0.302,0.762,-4.293,3.145,Drift_Harmonic,phase
C(model)[T.FITS],14.068,1.898,7.414,0.000,10.349,17.787,Drift_Harmonic,phase
C(model)[T.FreMLP],-42.480,1.898,-22.387,0.000,-46.199,-38.761,Drift_Harmonic,phase
C(model)[T.MICN_Mean],-40.998,1.898,-21.606,0.000,-44.717,-37.279,Drift_Harmonic,phase
C(model)[T.MICN_Regre],-40.989,1.898,-21.601,0.000,-44.708,-37.270,Drift_Harmonic,phase
C(model)[T.MLinear],-38.828,1.898,-20.463,0.000,-42.547,-35.109,Drift_Harmonic,phase
C(model)[T.ModernTCN],-41.023,1.898,-21.619,0.000,-44.742,-37.304,Drift_Harmonic,phase
C(model)[T.NBeats],-43.097,1.898,-22.712,0.000,-46.816,-39.378,Drift_Harmonic,phase
C(model)[T.PatchTST],-40.763,1.898,-21.482,0.000,-44.482,-37.044,Drift_Harmonic,phase
C(model)[T.TSMixer],-40.588,1.898,-21.390,0.000,-44.307,-36.869,Drift_Harmonic,phase
C(model)[T.Transformer],-37.497,1.898,-19.761,0.000,-41.216,-33.778,Drift_Harmonic,phase
C(model)[T.Autoformer],0.099,0.004,22.975,0.000,0.090,0.107,Drift_Harmonic,freq
C(model)[T.CSDI],-0.040,0.004,-9.315,0.000,-0.048,-0.032,Drift_Harmonic,freq
C(model)[T.DLinear],-0.000,0.004,-0.084,0.933,-0.009,0.008,Drift_Harmonic,freq
C(model)[T.FITS],0.028,0.004,6.448,0.000,0.019,0.036,Drift_Harmonic,freq
C(model)[T.FreMLP],-0.041,0.004,-9.635,0.000,-0.050,-0.033,Drift_Harmonic,freq
C(model)[T.MICN_Mean],-0.043,0.004,-9.999,0.000,-0.051,-0.035,Drift_Harmonic,freq
C(model)[T.MICN_Regre],-0.042,0.004,-9.724,0.000,-0.050,-0.033,Drift_Harmonic,freq
C(model)[T.MLinear],-0.040,0.004,-9.326,0.000,-0.049,-0.032,Drift_Harmonic,freq
C(model)[T.ModernTCN],-0.042,0.004,-9.730,0.000,-0.050,-0.033,Drift_Harmonic,freq
C(model)[T.NBeats],-0.044,0.004,-10.194,0.000,-0.052,-0.035,Drift_Harmonic,freq
C(model)[T.PatchTST],-0.045,0.004,-10.358,0.000,-0.053,-0.036,Drift_Harmonic,freq
C(model)[T.TSMixer],-0.044,0.004,-10.130,0.000,-0.052,-0.035,Drift_Harmonic,freq
C(model)[T.Transformer],-0.023,0.004,-5.255,0.000,-0.031,-0.014,Drift_Harmonic,freq
C(model)[T.Autoformer],0.011,0.001,7.516,0.000,0.008,0.014,Dual_Phase_Modulation,mae
C(model)[T.CSDI],0.002,0.001,1.399,0.162,-0.001,0.005,Dual_Phase_Modulation,mae
C(model)[T.DLinear],-0.002,0.001,-1.489,0.137,-0.005,0.001,Dual_Phase_Modulation,mae
C(model)[T.FITS],0.001,0.001,0.914,0.361,-0.002,0.004,Dual_Phase_Modulation,mae
C(model)[T.FreMLP],0.001,0.001,0.377,0.706,-0.002,0.003,Dual_Phase_Modulation,mae
C(model)[T.MICN_Mean],-0.008,0.001,-5.347,0.000,-0.011,-0.005,Dual_Phase_Modulation,mae
C(model)[T.MICN_Regre],-0.008,0.001,-5.636,0.000,-0.011,-0.005,Dual_Phase_Modulation,mae
C(model)[T.MLinear],0.004,0.001,2.491,0.013,0.001,0.007,Dual_Phase_Modulation,mae
C(model)[T.ModernTCN],0.009,0.001,5.761,0.000,0.006,0.012,Dual_Phase_Modulation,mae
C(model)[T.NBeats],0.000,0.001,0.092,0.926,-0.003,0.003,Dual_Phase_Modulation,mae
C(model)[T.PatchTST],-0.009,0.001,-6.200,0.000,-0.012,-0.006,Dual_Phase_Modulation,mae
C(model)[T.TSMixer],-0.006,0.001,-4.062,0.000,-0.009,-0.003,Dual_Phase_Modulation,mae
C(model)[T.TimesNet],0.001,0.001,0.471,0.638,-0.002,0.004,Dual_Phase_Modulation,mae
C(model)[T.Transformer],0.008,0.001,5.539,0.000,0.005,0.011,Dual_Phase_Modulation,mae
C(model)[T.Autoformer],20.571,2.364,8.701,0.000,15.937,25.205,Dual_Phase_Modulation,phase
C(model)[T.CSDI],8.645,2.364,3.657,0.000,4.011,13.279,Dual_Phase_Modulation,phase
C(model)[T.DLinear],-2.299,2.364,-0.973,0.331,-6.933,2.334,Dual_Phase_Modulation,phase
C(model)[T.FITS],0.428,2.364,0.181,0.856,-4.206,5.062,Dual_Phase_Modulation,phase
C(model)[T.FreMLP],2.412,2.364,1.020,0.308,-2.222,7.046,Dual_Phase_Modulation,phase
C(model)[T.MICN_Mean],-11.114,2.364,-4.701,0.000,-15.748,-6.480,Dual_Phase_Modulation,phase
C(model)[T.MICN_Regre],-11.765,2.364,-4.976,0.000,-16.399,-7.131,Dual_Phase_Modulation,phase
C(model)[T.MLinear],6.556,2.364,2.773,0.006,1.922,11.190,Dual_Phase_Modulation,phase
C(model)[T.ModernTCN],5.509,2.364,2.330,0.020,0.875,10.143,Dual_Phase_Modulation,phase
C(model)[T.NBeats],1.801,2.364,0.762,0.446,-2.833,6.435,Dual_Phase_Modulation,phase
C(model)[T.PatchTST],-14.613,2.364,-6.181,0.000,-19.247,-9.979,Dual_Phase_Modulation,phase
C(model)[T.TSMixer],-7.349,2.364,-3.108,0.002,-11.982,-2.715,Dual_Phase_Modulation,phase
C(model)[T.TimesNet],1.381,2.364,0.584,0.559,-3.252,6.015,Dual_Phase_Modulation,phase
C(model)[T.Transformer],13.068,2.364,5.527,0.000,8.434,17.702,Dual_Phase_Modulation,phase
C(model)[T.Autoformer],0.123,0.017,7.390,0.000,0.090,0.156,Dual_Phase_Modulation,freq
C(model)[T.CSDI],0.018,0.017,1.103,0.270,-0.014,0.051,Dual_Phase_Modulation,freq
C(model)[T.DLinear],-0.002,0.017,-0.136,0.892,-0.035,0.030,Dual_Phase_Modulation,freq
C(model)[T.FITS],-0.028,0.017,-1.658,0.097,-0.060,0.005,Dual_Phase_Modulation,freq
C(model)[T.FreMLP],0.024,0.017,1.435,0.151,-0.009,0.056,Dual_Phase_Modulation,freq
C(model)[T.MICN_Mean],0.054,0.017,3.221,0.001,0.021,0.086,Dual_Phase_Modulation,freq
C(model)[T.MICN_Regre],0.053,0.017,3.207,0.001,0.021,0.086,Dual_Phase_Modulation,freq
C(model)[T.MLinear],0.012,0.017,0.751,0.453,-0.020,0.045,Dual_Phase_Modulation,freq
C(model)[T.ModernTCN],0.015,0.017,0.923,0.356,-0.017,0.048,Dual_Phase_Modulation,freq
C(model)[T.NBeats],0.020,0.017,1.214,0.225,-0.012,0.053,Dual_Phase_Modulation,freq
C(model)[T.PatchTST],0.007,0.017,0.403,0.687,-0.026,0.039,Dual_Phase_Modulation,freq
C(model)[T.TSMixer],-0.000,0.017,-0.008,0.994,-0.033,0.032,Dual_Phase_Modulation,freq
C(model)[T.TimesNet],0.022,0.017,1.324,0.185,-0.011,0.055,Dual_Phase_Modulation,freq
C(model)[T.Transformer],0.040,0.017,2.383,0.017,0.007,0.072,Dual_Phase_Modulation,freq
C(model)[T.Autoformer],0.008,0.002,3.191,0.001,0.003,0.012,Single_Phase_Modulation,mae
C(model)[T.CSDI],-0.040,0.002,-16.812,0.000,-0.044,-0.035,Single_Phase_Modulation,mae
C(model)[T.DLinear],-0.002,0.002,-1.038,0.299,-0.007,0.002,Single_Phase_Modulation,mae
C(model)[T.FITS],-0.001,0.002,-0.243,0.808,-0.005,0.004,Single_Phase_Modulation,mae
C(model)[T.FreMLP],-0.026,0.002,-10.829,0.000,-0.030,-0.021,Single_Phase_Modulation,mae
C(model)[T.MICN_Mean],-0.047,0.002,-19.731,0.000,-0.051,-0.042,Single_Phase_Modulation,mae
C(model)[T.MICN_Regre],-0.046,0.002,-19.489,0.000,-0.051,-0.042,Single_Phase_Modulation,mae
C(model)[T.MLinear],-0.007,0.002,-3.012,0.003,-0.012,-0.002,Single_Phase_Modulation,mae
C(model)[T.ModernTCN],-0.008,0.002,-3.289,0.001,-0.012,-0.003,Single_Phase_Modulation,mae
C(model)[T.NBeats],-0.032,0.002,-13.690,0.000,-0.037,-0.028,Single_Phase_Modulation,mae
C(model)[T.PatchTST],-0.040,0.002,-17.038,0.000,-0.045,-0.036,Single_Phase_Modulation,mae
C(model)[T.TSMixer],-0.044,0.002,-18.390,0.000,-0.048,-0.039,Single_Phase_Modulation,mae
C(model)[T.TimesNet],-0.036,0.003,-13.660,0.000,-0.042,-0.031,Single_Phase_Modulation,mae
C(model)[T.Transformer],-0.007,0.002,-2.897,0.004,-0.012,-0.002,Single_Phase_Modulation,mae
C(model)[T.Autoformer],15.961,3.650,4.373,0.000,8.807,23.116,Single_Phase_Modulation,phase
C(model)[T.CSDI],-48.962,3.650,-13.413,0.000,-56.116,-41.807,Single_Phase_Modulation,phase
C(model)[T.DLinear],-3.979,3.650,-1.090,0.276,-11.133,3.175,Single_Phase_Modulation,phase
C(model)[T.FITS],-1.544,3.650,-0.423,0.672,-8.698,5.611,Single_Phase_Modulation,phase
C(model)[T.FreMLP],-38.691,3.650,-10.599,0.000,-45.845,-31.537,Single_Phase_Modulation,phase
C(model)[T.MICN_Mean],-57.170,3.650,-15.662,0.000,-64.325,-50.016,Single_Phase_Modulation,phase
C(model)[T.MICN_Regre],-56.764,3.650,-15.551,0.000,-63.918,-49.609,Single_Phase_Modulation,phase
C(model)[T.MLinear],-21.944,3.650,-6.012,0.000,-29.098,-14.790,Single_Phase_Modulation,phase
C(model)[T.ModernTCN],-35.787,3.650,-9.804,0.000,-42.941,-28.632,Single_Phase_Modulation,phase
C(model)[T.NBeats],-42.943,3.650,-11.764,0.000,-50.098,-35.789,Single_Phase_Modulation,phase
C(model)[T.PatchTST],-57.857,3.650,-15.850,0.000,-65.012,-50.703,Single_Phase_Modulation,phase
C(model)[T.TSMixer],-55.996,3.650,-15.340,0.000,-63.151,-48.842,Single_Phase_Modulation,phase
C(model)[T.TimesNet],-45.280,4.106,-11.027,0.000,-53.328,-37.231,Single_Phase_Modulation,phase
C(model)[T.Transformer],-20.008,3.650,-5.481,0.000,-27.163,-12.854,Single_Phase_Modulation,phase
C(model)[T.Autoformer],0.126,0.007,19.161,0.000,0.113,0.139,Single_Phase_Modulation,freq
C(model)[T.CSDI],-0.040,0.007,-6.088,0.000,-0.053,-0.027,Single_Phase_Modulation,freq
C(model)[T.DLinear],-0.008,0.007,-1.251,0.211,-0.021,0.005,Single_Phase_Modulation,freq
C(model)[T.FITS],-0.007,0.007,-1.008,0.314,-0.020,0.006,Single_Phase_Modulation,freq
C(model)[T.FreMLP],-0.033,0.007,-4.950,0.000,-0.046,-0.020,Single_Phase_Modulation,freq
C(model)[T.MICN_Mean],-0.044,0.007,-6.717,0.000,-0.057,-0.031,Single_Phase_Modulation,freq
C(model)[T.MICN_Regre],-0.044,0.007,-6.719,0.000,-0.057,-0.031,Single_Phase_Modulation,freq
C(model)[T.MLinear],-0.014,0.007,-2.195,0.028,-0.027,-0.002,Single_Phase_Modulation,freq
C(model)[T.ModernTCN],-0.040,0.007,-6.122,0.000,-0.053,-0.027,Single_Phase_Modulation,freq
C(model)[T.NBeats],-0.040,0.007,-6.114,0.000,-0.053,-0.027,Single_Phase_Modulation,freq
C(model)[T.PatchTST],-0.045,0.007,-6.751,0.000,-0.057,-0.032,Single_Phase_Modulation,freq
C(model)[T.TSMixer],-0.043,0.007,-6.514,0.000,-0.056,-0.030,Single_Phase_Modulation,freq
C(model)[T.TimesNet],-0.032,0.007,-4.337,0.000,-0.047,-0.018,Single_Phase_Modulation,freq
C(model)[T.Transformer],-0.025,0.007,-3.846,0.000,-0.038,-0.012,Single_Phase_Modulation,freq
