paradigm,n_units,windows_per_unit,window_stride,overlap_fraction,n_seeds,test
clean/Drift_Harmonic,20,900.0,150,0.0,3,"Wilcoxon signed-rank over units, Holm"
clean/Dual_Phase_Modulation,20,960.0,150,0.0,3,"Wilcoxon signed-rank over units, Holm"
clean/Single_Phase_Modulation,20,940.0,150,0.0,3,"Wilcoxon signed-rank over units, Holm"
state_transition/Single_Phase_Modulation,200,90.0,150,0.0,3,"Wilcoxon signed-rank over units, Holm"
markov_dwell/Single_Phase_Modulation,60,900.0,150,0.0,3,"Wilcoxon signed-rank over units, Holm"
real_ppg_A/BIDMC,11,1536.0,150,0.0,3,"Wilcoxon signed-rank over units, Holm"
real_ppg_A/DaLiA,3,22288.0,150,0.0,3,"Wilcoxon signed-rank over units, Holm"
real_ecg_A/AFDB,4,7260.0,150,0.0,3,"Wilcoxon signed-rank over units, Holm"
real_ecg_A/NSRDB,6,8640.0,150,0.0,3,"Wilcoxon signed-rank over units, Holm"
real_eeg_A/SleepEDF,7,9600.0,150,0.0,3,"Wilcoxon signed-rank over units, Holm"
real_ppg_B/BIDMC,11,1440.0,750,0.0,3,"Wilcoxon signed-rank over units, Holm"
real_ppg_B/DaLiA,3,20865.0,750,0.0,3,"Wilcoxon signed-rank over units, Holm"
real_ecg_B/AFDB,4,6873.75,750,0.0,3,"Wilcoxon signed-rank over units, Holm"
real_ecg_B/NSRDB,6,8100.0,750,0.0,3,"Wilcoxon signed-rank over units, Holm"
