signal,model,n_new,n_legacy,mae_new,phase_new,freq_new,mae_legacy,phase_legacy,freq_legacy,mae_rel_diff,phase_rel_diff,freq_rel_diff
Drift_Harmonic,Linear,400,399,0.10153959934323575,47.137865955229536,0.04699492904891079,0.1088409197774785,54.91689685430332,0.04471877765436,-0.06708249479304337,-0.1416509552553899,0.050899231015293
Drift_Harmonic,DLinear,400,399,0.09848135012240164,46.680917884492445,0.04590768072515772,0.10749874298651078,55.10760117050631,0.04511460687954829,-0.08388370518193566,-0.15291326617431933,0.01757909245949676
Drift_Harmonic,FITS,400,399,0.12801690786309555,61.116928327785274,0.0746709516617884,0.12947452409588622,66.88341487704909,0.05852664180533587,-0.011257938524733942,-0.08621698757254356,0.27584548435479606
Drift_Harmonic,MLinear,400,399,0.009762787752503211,8.516033939627015,0.008394942615726238,0.009129187328634223,8.43641688592203,0.004782655023270841,0.06940381449744865,0.009437306712265774,0.7552891803567646
Drift_Harmonic,NBeats,400,399,0.002389647819968377,5.333241535580696,0.0033228809395002695,0.0006316576200611748,2.702621867384611,0.0021890964157280394,2.7831378013566024,0.9733583894745128,0.5179235211506942
Drift_Harmonic,FreMLP,400,399,0.0032053910444847134,4.4609499048851315,0.0063053694616034715,0.002539341524367994,4.205584277789768,0.0035830817416395784,0.2622922177758227,0.06072060627675023,0.7597615450207966
Drift_Harmonic,MICN_Mean,400,399,0.00460319753745207,6.1132281175906495,0.003960692711750068,0.008069448873637404,6.828995396656875,0.007926081722602566,-0.4295524255081969,-0.10481296845164496,-0.500296256035882
Drift_Harmonic,MICN_Regre,400,399,0.004731569675936044,6.235589239193039,0.00673946725855479,0.003949493746971766,6.097802473999474,0.005408218846694659,0.19801928527268256,0.022596134555206746,0.24615283693146964
Drift_Harmonic,ModernTCN,400,399,0.0486688059364351,5.860344699454654,0.00571252807490972,0.013821476333411138,3.1492469989155634,0.001693725225059389,2.5212451088735213,0.8608717263119251,2.3727596367996555
Drift_Harmonic,PatchTST,400,399,0.031141592277549347,5.969496930704217,0.0024071903564628567,0.03398951144640475,6.365119134303953,0.002225323263662469,-0.08378817604795667,-0.062154720948989474,0.08172614548641718
Drift_Harmonic,Transformer,400,399,0.0143340008517167,9.471129301479428,0.015189046705904836,0.014692551338149383,9.060580682900632,0.006982702378508336,-0.02440355511991322,0.04531151290927676,1.1752390238848418
Drift_Harmonic,Autoformer,400,399,0.10699846776529812,57.06885416940711,0.19187381727506747,0.14384038054637607,81.07328498463544,0.22993447623518046,-0.25613052914024814,-0.2960831156622988,-0.1655282825929243
Single_Phase_Modulation,Linear,400,399,0.0624153549214825,67.79532636738912,0.05092563178359896,0.056846701095725656,52.67695920918033,0.038782121816590825,0.09795913779375943,0.2870015161310606,0.3131213404062177
Single_Phase_Modulation,DLinear,400,399,0.05997210694253445,63.83965368164886,0.04269591350570903,0.055091960855332536,50.509006833388355,0.03906616508932711,0.08858181867980378,0.2639261328624749,0.09291284179243825
Single_Phase_Modulation,FITS,400,399,0.061859440268203614,66.20814588738864,0.04439534670079848,0.0573635283131199,54.42425386356035,0.041179313911326045,0.0783757918540626,0.2165191286474975,0.07809826060719988
Single_Phase_Modulation,MLinear,400,399,0.050225196883827455,31.507933105594894,0.018208919825491866,0.06653938263467978,59.6412923232246,0.03519846585973779,-0.245180900466448,-0.47170941677724915,-0.4826785946281719
Single_Phase_Modulation,NBeats,400,399,0.031218831439968203,25.977087058298704,0.01125218341821211,0.012805024162681778,8.506657362185107,0.0009084804718116423,1.4380142546665833,2.053736144795888,11.385718534789877
Single_Phase_Modulation,FreMLP,400,399,0.035414943288342327,27.46800191929502,0.02281263928107583,0.024095710341008682,15.932670120632714,0.0020462683513020525,0.469761330425248,0.7240049352257735,10.148410357106883
Single_Phase_Modulation,MICN_Mean,400,399,0.016282373260334135,10.85992048582732,0.00654717110323503,0.014705630361025497,10.453827749831234,0.0010362007250551233,0.10722035442203816,0.03884631980880327,5.318439029162748
Single_Phase_Modulation,MICN_Regre,400,399,0.016749273923039435,11.254394744881113,0.006640326205306864,0.014850410428785144,10.507155409744858,0.0010224628681662735,0.12786606157185043,0.07111718690705082,5.494442401821296
Single_Phase_Modulation,ModernTCN,400,399,0.055232490342762314,32.68211372534023,0.010787763211979565,0.015117408137273667,10.697321732643445,0.0011341290863185554,2.6535687758922384,2.055167876797519,8.51193593579125
Single_Phase_Modulation,PatchTST,400,399,0.022484812667965887,9.93841313318826,0.006334142039594468,0.021080549721953862,8.757520335231025,0.0010154772056017029,0.06661415212287314,0.13484328357269895,5.237601400261156
Single_Phase_Modulation,Transformer,400,399,0.059396872983500354,52.463308294075325,0.02457053411298319,0.06442832764527552,61.729706266904905,0.061125144249878985,-0.07809382682532068,-0.15011245854246946,-0.5980290203890711
Single_Phase_Modulation,Autoformer,400,399,0.07034816547241063,83.4438993471182,0.1821747954392744,0.06540058010530875,68.12798711214758,0.08843664445447805,0.07565048137394537,0.22481087265588268,1.0599469435212143
Dual_Phase_Modulation,Linear,400,399,0.07903123716767878,64.21572444195792,0.12030128450292515,0.07921720572649821,65.82582945720743,0.12301860152676525,-0.0023475778666252963,-0.02446007940236022,-0.022088667812151033
Dual_Phase_Modulation,DLinear,400,399,0.0770439886342734,62.3107426761054,0.11704599182992886,0.07780673968655352,64.08904456964412,0.10983852329600961,-0.009803148870559018,-0.027747361588551647,0.065618767602105
Dual_Phase_Modulation,FITS,400,399,0.08037550447173417,64.52467638780996,0.09277124517274955,0.08313183164255011,67.77013036102095,0.11176629531545872,-0.033156098167878595,-0.04788915051398011,-0.16995329485598423
Dual_Phase_Modulation,MLinear,400,399,0.08173794975057244,69.7528439313448,0.1349080688219636,0.07877317519441307,63.57044194118698,0.11069485521147128,0.03763685479025411,0.09725277662655785,0.21873838277520158
Dual_Phase_Modulation,NBeats,400,399,0.07519167679985986,61.034734716412714,0.1470720014275323,0.06695245772679591,51.70197391067264,0.0994251004319198,0.12306074120063894,0.18051072521649983,0.47922406704771875
Dual_Phase_Modulation,FreMLP,400,399,0.08105810889611022,68.20382897625358,0.14389947360928926,0.07988927045256483,67.78851546866302,0.11611362158647483,0.014630731222403609,0.006126605734308242,0.23929881475724282
Dual_Phase_Modulation,MICN_Mean,400,399,0.07112054689563811,52.90585386083142,0.17443392092373528,0.015003461697599875,7.720778883573171,0.015482797292513464,3.7402758329442976,5.852398528520821,10.266305282449244
Dual_Phase_Modulation,MICN_Regre,400,399,0.07115829711519181,52.7698777511097,0.16832550708107066,0.01334481375545435,6.87251285972207,0.017008034099971956,4.332281020865329,6.678396363632816,8.896823236105119
Dual_Phase_Modulation,ModernTCN,400,399,0.08651532651856542,66.4481731228761,0.1387559446493759,0.023172493503974562,12.77799971438766,0.04543907591875974,2.733535474019067,4.200201487565958,2.0536700371604577
Dual_Phase_Modulation,PatchTST,400,399,0.06869710241407155,48.237281826634174,0.1189605460538355,0.03347772504114962,14.036036176236365,0.028138877151920427,1.0520242139999518,2.4366740881091515,3.227622353641665
Dual_Phase_Modulation,Transformer,400,399,0.08704320671241732,77.59067763545171,0.15996820567852674,0.08604671984974625,74.91652173379377,0.14662947293365985,0.011580765244870667,0.03569514226995494,0.09096897423140693
Dual_Phase_Modulation,Autoformer,400,399,0.08970978903025388,81.34641428871399,0.17825937355730878,0.09047795196988777,84.73551865167632,0.3649920773017994,-0.008490056670265282,-0.03999626622802623,-0.5116075535800952
