signal,model,mae_mean,mae_std,mae_count,phase_mean,phase_std,phase_count,freq_mean,freq_std,freq_count,group
Drift_Harmonic,Autoformer,0.13892437197244314,0.027746910357994033,3,74.84540363551017,15.480086808793168,3,0.14579800312455804,0.04452753286869503,3,Decomposition
Drift_Harmonic,CSDI,0.01393168791243473,0.002884105270667929,3,9.732361750837638,0.6651836250937933,3,0.006960165306962566,0.0006363899431419359,3,Probabilistic
Drift_Harmonic,DLinear,0.09842011409828144,8.340037490654097e-05,3,46.552135549070755,0.13930559768189085,3,0.04664916769876946,0.0012864723382584084,3,Decomposition
Drift_Harmonic,FITS,0.1280402121244869,2.4684403653745956e-05,3,61.193699581515546,0.06709394128795965,3,0.07473902193488172,0.00011891101682970342,3,Decomposition
Drift_Harmonic,FreMLP,0.0033253025504937496,0.00013790252833241208,3,4.645454531304339,0.16146830828469103,3,0.005582360973959512,0.0006970069842535153,3,Decomposition
Drift_Harmonic,Linear,0.10152271967981724,1.506100730780893e-05,3,47.125699555525806,0.013695998681130365,3,0.04701227066647329,1.586114621387819e-05,3,Linear and MLP
Drift_Harmonic,MICN_Mean,0.004281009785314139,0.00034126564788354954,3,6.128006719173449,0.1924654140994451,3,0.004018729526565917,0.0011130627511382904,3,Local receptive field
Drift_Harmonic,MICN_Regre,0.0044805206192286276,0.00028302283812552803,3,6.137000422499777,0.14107862577036503,3,0.005202435990654259,0.0015291463620630043,3,Local receptive field
Drift_Harmonic,MLinear,0.009379090241123777,0.0004398812263843242,3,8.297427429509632,0.5670927068446949,3,0.006912291053659216,0.001285161945802088,3,Linear and MLP
Drift_Harmonic,ModernTCN,0.04865397032337132,0.00044294101014121515,3,6.102689231656698,0.6137984171898926,3,0.0051754446199279705,0.0008347941392500706,3,Local receptive field
Drift_Harmonic,NBeats,0.0019033707621475817,0.0007892830174135845,3,4.029149140358072,2.092548235769675,3,0.0031787919136443414,0.002013534079196153,3,Linear and MLP
Drift_Harmonic,PatchTST,0.031980364969584,0.0007264077916282058,3,6.362987175800929,0.424252550593861,3,0.002475299202715341,0.0002731152166144431,3,Local receptive field
Drift_Harmonic,SeasonalNaive,0.014949875101666113,0.0,3,11.083430499835268,0.0,3,0.001474792810427529,0.0,3,Floor
Drift_Harmonic,TSMixer,0.011086058932952439,0.0009830655807734588,3,6.537472990373042,0.6960492234647685,3,0.0034535178494006905,0.00040095231121293974,3,Linear and MLP
Drift_Harmonic,Transformer,0.014812880820193339,0.0011172522015709388,3,9.628721250648411,0.14041672526769866,3,0.024418445642563177,0.012329313018902003,3,Global attention
Dual_Phase_Modulation,Autoformer,0.0902422280393541,0.0006291956087975796,3,84.64537149538681,3.547475104971316,3,0.243130274051236,0.08492257328340337,3,Decomposition
Dual_Phase_Modulation,CSDI,0.0810946522532031,0.00393617857341335,3,72.71921105570213,6.679288480704732,3,0.13854295024879013,0.019703193426610515,3,Probabilistic
Dual_Phase_Modulation,DLinear,0.07677739960656811,0.0002642078589497188,3,61.77473273612696,0.5230221423892671,3,0.11793447442566135,0.0007842068123344411,3,Decomposition
Dual_Phase_Modulation,FITS,0.0803701388762643,6.559300619696397e-06,3,64.5020879783567,0.03533590393063143,3,0.09261077692307208,0.00027040870027235625,3,Decomposition
Dual_Phase_Modulation,FreMLP,0.07956690480643884,0.001398363919781686,3,66.48596317908955,1.4907592245391512,3,0.14407024149663025,0.00905070218274817,3,Decomposition
Dual_Phase_Modulation,Linear,0.07900318616861478,2.6835641792978255e-05,3,64.0741507913652,0.12598274746902483,3,0.12019575946068665,0.00012740072242106034,3,Linear and MLP
Dual_Phase_Modulation,MICN_Mean,0.07100741286588212,0.0005480600801803502,3,52.96046469240366,0.22906430253667323,3,0.17377674494322995,0.002804456911592241,3,Local receptive field
Dual_Phase_Modulation,MICN_Regre,0.07057574196681381,0.0005403486026789595,3,52.308976390513834,0.4746287582144625,3,0.17354906894446942,0.004976930867357928,3,Local receptive field
Dual_Phase_Modulation,MLinear,0.0827277669052283,0.0010554117519844797,3,70.62977484171063,1.0508266973193334,3,0.13268634265347642,0.0023134736787717106,3,Linear and MLP
Dual_Phase_Modulation,ModernTCN,0.08761821875305226,0.0010654138614965328,3,69.58300102416398,2.7384932315490103,3,0.13555648293336492,0.002809242046126582,3,Local receptive field
Dual_Phase_Modulation,NBeats,0.07914150163984547,0.0034210454025841554,3,65.87477269553362,4.192289320051282,3,0.14039857549212303,0.0057886704537420475,3,Linear and MLP
Dual_Phase_Modulation,PatchTST,0.06973230772328874,0.001082972426741721,3,49.460869124790754,1.1426044400261628,3,0.12689691910234888,0.007210195307157035,3,Local receptive field
Dual_Phase_Modulation,SeasonalNaive,0.11485280361361801,1.3877787807814457e-17,3,83.82214131032133,0.0,3,0.2134844927497789,0.0,3,Floor
Dual_Phase_Modulation,TSMixer,0.0729298228252679,0.0005474114950761147,3,56.725581823981166,0.8914791762150741,3,0.12006381075196919,0.004185641061223363,3,Linear and MLP
Dual_Phase_Modulation,TimesNet,0.0797068558011204,0.0007307599096079524,3,65.45561463757205,2.442141563665555,3,0.1422258721667928,0.024818893094674308,3,Local receptive field
Dual_Phase_Modulation,Transformer,0.08728534947764129,0.00020975659989583512,3,77.1424356288614,1.4957775159254014,3,0.1598367107574847,0.007637922823414096,3,Global attention
Single_Phase_Modulation,Autoformer,0.0699867758396392,0.0020047948434906665,3,83.74662668038856,3.270421961958954,3,0.17735239547688333,0.06564861512886976,3,Decomposition
Single_Phase_Modulation,CSDI,0.022618553931762774,0.004414766585645717,3,18.82340953236762,4.177009350130875,3,0.010779149912904504,0.0013290217028357615,3,Probabilistic
Single_Phase_Modulation,DLinear,0.0599718575226143,5.514433903633276e-06,3,63.80625300536685,0.029335550478829447,3,0.042692674680973076,9.393332245705158e-05,3,Decomposition
Single_Phase_Modulation,FITS,0.061855230418965214,7.754865087819075e-06,3,66.24159946471035,0.03021697670750201,3,0.04429742123926253,8.531335039042229e-05,3,Decomposition
Single_Phase_Modulation,FreMLP,0.03678548900884925,0.002635429838420071,3,29.094122343332145,3.2670139524776096,3,0.018292404535903275,0.003939654399564709,3,Decomposition
Single_Phase_Modulation,Linear,0.062429566700011485,1.4500057816537999e-05,3,67.7851666304644,0.027233469855077755,3,0.0509461440353652,2.0528070363876052e-05,3,Linear and MLP
Single_Phase_Modulation,MICN_Mean,0.015704334984781843,0.0005109784331897722,3,10.614959713587334,0.21277651904956665,3,0.006629769546935495,0.0002644334809801633,3,Local receptive field
Single_Phase_Modulation,MICN_Regre,0.01627811142032345,0.0004146784189964216,3,11.021566778289193,0.21441737315074583,3,0.006622749833150994,0.00023761808682359434,3,Local receptive field
Single_Phase_Modulation,MLinear,0.05529676461492975,0.012243982877875365,3,45.841260241561336,23.932507588250047,3,0.03646209434407997,0.032754125722808905,3,Linear and MLP
Single_Phase_Modulation,ModernTCN,0.054640238499206795,0.0017051888700488783,3,31.99838245270919,0.59528024992024,3,0.010560981114954543,0.0001972829291935987,3,Local receptive field
Single_Phase_Modulation,NBeats,0.030011502684125058,0.0022683050813667263,3,24.84203363566363,2.1587408185518546,3,0.010612297696816398,0.0010266816403084569,3,Linear and MLP
Single_Phase_Modulation,PatchTST,0.02208206307813525,0.00042026211072079573,3,9.927856499266008,0.029095205380421003,3,0.00640808919399518,0.000241669682352144,3,Local receptive field
Single_Phase_Modulation,SeasonalNaive,0.01334006302971393,0.0,3,10.128668223944777,0.0,3,0.0069533427808526034,0.0,3,Floor
Single_Phase_Modulation,TSMixer,0.018879612087582546,0.001004546182996056,3,11.788914455304948,0.6613777571273433,3,0.007974281356698027,0.00042518597363841226,3,Linear and MLP
Single_Phase_Modulation,TimesNet,0.025601189869176595,0.0008262896471764793,2,21.60534785989963,0.2620905589848774,2,0.01590573522890441,0.0029098384923844757,2,Local receptive field
Single_Phase_Modulation,Transformer,0.055570125062949956,0.0042960735677098055,3,47.77683921007523,4.584422828128151,3,0.02557507400718689,0.0019447487532180657,3,Global attention
