model,metric,n_units,mean_delta,ci_lo,ci_hi,dz,p,median_delta,p_holm,significant,direction,signal
Autoformer,mae,20,0.03740165229262591,0.03125785888175655,0.044101984049972294,2.5409995775178724,1.9073486328125e-06,0.03374339439805287,2.47955322265625e-05,True,worse,Drift_Harmonic
CSDI,mae,20,-0.08759103176738252,-0.09226847000245691,-0.08246717429154522,-7.377896638043457,1.9073486328125e-06,-0.08884322580606627,2.47955322265625e-05,True,better,Drift_Harmonic
DLinear,mae,20,-0.0031026055815357974,-0.003574462359928485,-0.0026172689757809416,-2.7753548766233016,1.9073486328125e-06,-0.002904058872722083,2.47955322265625e-05,True,better,Drift_Harmonic
FITS,mae,20,0.026517492444669673,0.021429914554306498,0.031142065748369592,2.3459657354841985,1.9073486328125e-06,0.028538050597921624,2.47955322265625e-05,True,worse,Drift_Harmonic
FreMLP,mae,20,-0.09819741712932348,-0.10273538997455434,-0.0933497949831508,-8.837497776548647,1.9073486328125e-06,-0.09920153430992892,2.47955322265625e-05,True,better,Drift_Harmonic
MICN_Mean,mae,20,-0.09724170989450309,-0.10188084072276252,-0.09253526242699585,-8.845136100576493,1.9073486328125e-06,-0.09805406384478554,2.47955322265625e-05,True,better,Drift_Harmonic
MICN_Regre,mae,20,-0.0970421990605886,-0.10161550660037495,-0.09226228929766647,-8.740906886865544,1.9073486328125e-06,-0.09805011994803013,2.47955322265625e-05,True,better,Drift_Harmonic
MLinear,mae,20,-0.09214362943869348,-0.09692728643215948,-0.08731736205859257,-8.213101746170114,1.9073486328125e-06,-0.09262165499867114,2.47955322265625e-05,True,better,Drift_Harmonic
ModernTCN,mae,20,-0.05286874935644591,-0.05766830513150011,-0.048382774333599526,-4.85632568245373,1.9073486328125e-06,-0.0541500739865587,2.47955322265625e-05,True,better,Drift_Harmonic
NBeats,mae,20,-0.09961934891766966,-0.10432905921922585,-0.09484994698518907,-9.05320327153857,1.9073486328125e-06,-0.10051942597915572,2.47955322265625e-05,True,better,Drift_Harmonic
PatchTST,mae,20,-0.06954235471023325,-0.07404316984788098,-0.0649326007781171,-6.257307797270869,1.9073486328125e-06,-0.07034022358874789,2.47955322265625e-05,True,better,Drift_Harmonic
TSMixer,mae,20,-0.09043666074686481,-0.09541512389650725,-0.08524588134403688,-7.666620349595289,1.9073486328125e-06,-0.09053358050651636,2.47955322265625e-05,True,better,Drift_Harmonic
Transformer,mae,20,-0.0867098388596239,-0.09138868304147411,-0.08173401000709489,-7.522131757747793,1.9073486328125e-06,-0.08781040911696618,2.47955322265625e-05,True,better,Drift_Harmonic
Autoformer,phase,20,27.71970407998437,22.772817551673374,32.91201904100388,2.377100918349464,1.9073486328125e-06,27.425221260899498,2.47955322265625e-05,True,worse,Drift_Harmonic
CSDI,phase,20,-37.39333780468816,-43.573496514170934,-30.763758595745582,-2.4993597606915436,1.9073486328125e-06,-40.00653279258387,2.47955322265625e-05,True,better,Drift_Harmonic
DLinear,phase,20,-0.5735640064550447,-1.1089551585382922,-0.0893503413459655,-0.47086478814608823,0.06372261047363281,-0.4418488526363298,0.06372261047363281,False,better,Drift_Harmonic
FITS,phase,20,14.068000025989747,10.842506901066322,17.157369653991797,1.9260272711641178,1.9073486328125e-06,15.6993038718136,2.47955322265625e-05,True,worse,Drift_Harmonic
FreMLP,phase,20,-42.48024502422146,-48.44669119247221,-36.3266111306483,-2.9459116531118514,1.9073486328125e-06,-43.142573715948046,2.47955322265625e-05,True,better,Drift_Harmonic
MICN_Mean,phase,20,-40.99769283635234,-46.93624513745533,-35.24224812514256,-2.9280210147658488,1.9073486328125e-06,-42.56983736526763,2.47955322265625e-05,True,better,Drift_Harmonic
MICN_Regre,phase,20,-40.98869913302601,-46.86194003388471,-34.79373991083648,-2.83430658913991,1.9073486328125e-06,-42.7281386257762,2.47955322265625e-05,True,better,Drift_Harmonic
MLinear,phase,20,-38.82827212601616,-44.93003319681707,-32.647583282556965,-2.731252953563706,1.9073486328125e-06,-41.56207589675506,2.47955322265625e-05,True,better,Drift_Harmonic
ModernTCN,phase,20,-41.023010323869094,-46.97687450861059,-35.33699108209523,-2.9309955491665454,1.9073486328125e-06,-43.09386763292311,2.47955322265625e-05,True,better,Drift_Harmonic
NBeats,phase,20,-43.09655041516773,-49.28547558711225,-37.11054891110766,-3.0238474587358377,1.9073486328125e-06,-45.46813621555285,2.47955322265625e-05,True,better,Drift_Harmonic
PatchTST,phase,20,-40.76271237972487,-46.827338090017555,-34.571251665533914,-2.7609980614768754,1.9073486328125e-06,-43.099934357097844,2.47955322265625e-05,True,better,Drift_Harmonic
TSMixer,phase,20,-40.58822656515275,-46.815620013019185,-33.917736305945205,-2.719964460264553,1.9073486328125e-06,-43.2615571769588,2.47955322265625e-05,True,better,Drift_Harmonic
Transformer,phase,20,-37.49697830487739,-43.60279318972067,-31.062070879614915,-2.5364100403806153,1.9073486328125e-06,-40.33140143295563,2.47955322265625e-05,True,better,Drift_Harmonic
Autoformer,freq,20,0.09878573245808475,0.08140275536904959,0.11756227380337571,2.298000186170465,1.9073486328125e-06,0.09059290773023207,2.47955322265625e-05,True,worse,Drift_Harmonic
CSDI,freq,20,-0.040052105359510724,-0.04761966862204006,-0.032353211208269755,-2.2244695183423158,1.9073486328125e-06,-0.04258562630968615,2.47955322265625e-05,True,better,Drift_Harmonic
DLinear,freq,20,-0.0003631029677038305,-0.0015084228113273201,0.0006732224396194163,-0.13840096094129045,0.956329345703125,-5.4163867914274605e-05,0.956329345703125,False,better,Drift_Harmonic
FITS,freq,20,0.02772675126840842,0.022303384736784452,0.033422220832244776,2.0635997746691395,1.9073486328125e-06,0.026357990052028112,2.47955322265625e-05,True,worse,Drift_Harmonic
FreMLP,freq,20,-0.04142990969251378,-0.048577014774195515,-0.03366284851188409,-2.30151650598454,1.9073486328125e-06,-0.04408216377143459,2.47955322265625e-05,True,better,Drift_Harmonic
MICN_Mean,freq,20,-0.042993541139907374,-0.050522011516467076,-0.03482491056988213,-2.255500858606739,1.9073486328125e-06,-0.04703332171741206,2.47955322265625e-05,True,better,Drift_Harmonic
MICN_Regre,freq,20,-0.04180983467581904,-0.04903645121543175,-0.03373532309990453,-2.2862039499729483,1.9073486328125e-06,-0.04441475468538324,2.47955322265625e-05,True,better,Drift_Harmonic
MLinear,freq,20,-0.04009997961281407,-0.04812552224622448,-0.03139763880205496,-2.139561891441219,1.9073486328125e-06,-0.04348585995698863,2.47955322265625e-05,True,better,Drift_Harmonic
ModernTCN,freq,20,-0.04183682604654531,-0.049366881505470965,-0.03412276288889002,-2.29282820028432,1.9073486328125e-06,-0.045957258666452935,2.47955322265625e-05,True,better,Drift_Harmonic
NBeats,freq,20,-0.04383347875282895,-0.051659870800632106,-0.03523587860011427,-2.285792655962809,1.9073486328125e-06,-0.04878393788075241,2.47955322265625e-05,True,better,Drift_Harmonic
PatchTST,freq,20,-0.04453697146375794,-0.05194507443191138,-0.03642708955125058,-2.4158324574860437,1.9073486328125e-06,-0.04815898603213423,2.47955322265625e-05,True,better,Drift_Harmonic
TSMixer,freq,20,-0.043558752817072596,-0.05126499781427356,-0.03516967885000332,-2.3439488073654062,1.9073486328125e-06,-0.047466611552869506,2.47955322265625e-05,True,better,Drift_Harmonic
Transformer,freq,20,-0.02259382502391012,-0.02951427472115548,-0.015291225853715165,-1.3284081076981142,6.29425048828125e-05,-0.02506994660258833,0.000125885009765625,True,better,Drift_Harmonic
Autoformer,mae,20,0.011239041870739314,0.009266542165916571,0.013364738913044178,2.325243935696072,1.9073486328125e-06,0.009691578244169566,2.6702880859375e-05,True,worse,Dual_Phase_Modulation
CSDI,mae,20,0.002091466084588317,-0.0002402532967296456,0.004474125208108064,0.37791981248911116,0.10539817810058594,0.001993283694920439,0.42159271240234375,False,worse,Dual_Phase_Modulation
DLinear,mae,20,-0.0022257865620466583,-0.002463530173151912,-0.0020030783701175847,-4.020064955168557,1.9073486328125e-06,-0.0022389910283188083,2.6702880859375e-05,True,better,Dual_Phase_Modulation
FITS,mae,20,0.00136695270764952,0.0001554314714491721,0.0023903958983059657,0.5110481596641548,0.009435653686523438,0.0020348201251278314,0.05815887451171875,False,worse,Dual_Phase_Modulation
FreMLP,mae,20,0.0005637186378240581,-0.0004695826739755812,0.001557063748676638,0.23451299133842252,0.2305126190185547,0.0006832169542710098,0.6915378570556641,False,worse,Dual_Phase_Modulation
MICN_Mean,mae,20,-0.007995773302732654,-0.013488062738121948,-0.0027440353408642124,-0.6278333627783051,0.012079238891601562,-0.010748823345949253,0.06039619445800781,False,better,Dual_Phase_Modulation
MICN_Regre,mae,20,-0.00842744420180097,-0.013458677476103572,-0.0032538349002134044,-0.6985199766171644,0.00830841064453125,-0.011482659549762811,0.05815887451171875,False,better,Dual_Phase_Modulation
MLinear,mae,20,0.003724580736613522,0.002236629000273532,0.005209683175811081,1.0547356594746498,0.0002613067626953125,0.003793000005496046,0.0023517608642578125,True,worse,Dual_Phase_Modulation
ModernTCN,mae,20,0.008615032584437477,0.006832924377187928,0.010403484938719771,2.03901195771774,3.814697265625e-06,0.008206697207875549,4.1961669921875e-05,True,worse,Dual_Phase_Modulation
NBeats,mae,20,0.0001383154712306968,-0.0017128647080428608,0.0019302821929279418,0.032503236649303345,0.7561664581298828,-0.0014002386728922608,1.0,False,worse,Dual_Phase_Modulation
PatchTST,mae,20,-0.009270878445326041,-0.013072529709833518,-0.0055402228288344724,-1.0036128559618724,0.0004825592041015625,-0.008674054462462666,0.0038604736328125,True,better,Dual_Phase_Modulation
TSMixer,mae,20,-0.006073363343346865,-0.007405939549383865,-0.0045891756189242044,-1.856608611000631,5.7220458984375e-06,-0.007007290055975314,5.7220458984375e-05,True,better,Dual_Phase_Modulation
TimesNet,mae,20,0.0007036696325056234,-0.0014463179759409614,0.003249433691055353,0.1285238554610427,1.0,0.00038175754342227586,1.0,False,worse,Dual_Phase_Modulation
Transformer,mae,20,0.008282163309026508,0.006672143918387591,0.009928757410844162,2.1445342032558976,1.9073486328125e-06,0.007362084987262894,2.6702880859375e-05,True,worse,Dual_Phase_Modulation
Autoformer,phase,20,20.571220704021606,16.227588078906017,24.943725775385506,1.998528753254748,1.9073486328125e-06,18.05275963007891,2.6702880859375e-05,True,worse,Dual_Phase_Modulation
CSDI,phase,20,8.64506026433693,2.5578799450029845,14.398074029552731,0.6344191966814979,0.013616561889648438,8.567661698374497,0.1089324951171875,False,worse,Dual_Phase_Modulation
DLinear,phase,20,-2.299418055238249,-2.660216454682389,-1.9292866237379425,-2.651383653071729,1.9073486328125e-06,-2.5744093101697203,2.6702880859375e-05,True,better,Dual_Phase_Modulation
FITS,phase,20,0.42793718699150035,-1.1761575832760656,1.9421230913905514,0.11682833321070112,0.49800872802734375,1.404504210659713,1.0,False,worse,Dual_Phase_Modulation
FreMLP,phase,20,2.4118123877243605,-0.13408461046293557,4.871237663354625,0.4226901159783929,0.0758514404296875,2.5527429655761082,0.30340576171875,False,worse,Dual_Phase_Modulation
MICN_Mean,phase,20,-11.113686098961535,-19.467720936800646,-2.8810040185398704,-0.5634093429978754,0.039989471435546875,-8.825448605851378,0.22937774658203125,False,better,Dual_Phase_Modulation
MICN_Regre,phase,20,-11.765174400851368,-20.05911520130185,-3.4302269080950887,-0.6170251118022972,0.03276824951171875,-8.974028676526764,0.22937774658203125,False,better,Dual_Phase_Modulation
MLinear,phase,20,6.555624050345417,3.1061301297999697,10.20961300284961,0.7835017121647087,0.0031528472900390625,5.926166477373812,0.031528472900390625,True,worse,Dual_Phase_Modulation
ModernTCN,phase,20,5.508850232798762,0.9857639732630097,9.75912864590851,0.5285236713725083,0.03276824951171875,7.481209066670672,0.22937774658203125,False,worse,Dual_Phase_Modulation
NBeats,phase,20,1.8006219041684228,-2.049913672416612,5.643095407364291,0.20573337535878947,0.4523754119873047,3.710181303200855,1.0,False,worse,Dual_Phase_Modulation
PatchTST,phase,20,-14.613281666574448,-22.320816516013906,-7.137467324196749,-0.8163799023772801,0.0042209625244140625,-10.092520316637067,0.03798866271972656,True,better,Dual_Phase_Modulation
TSMixer,phase,20,-7.348568967384045,-9.723398760075936,-4.777064630762991,-1.2601904085343316,0.0001049041748046875,-6.614637192308049,0.0011539459228515625,True,better,Dual_Phase_Modulation
TimesNet,phase,20,1.3814638462068505,-2.077739221560554,5.198875061147791,0.15759924808627132,0.7285060882568359,0.6383080502495204,1.0,False,worse,Dual_Phase_Modulation
Transformer,phase,20,13.068284837496208,10.079796702265888,16.088362435396924,1.8548582882434106,1.9073486328125e-06,13.319791757222536,2.6702880859375e-05,True,worse,Dual_Phase_Modulation
Autoformer,freq,20,0.12293451459054931,0.09049238915739578,0.16183533818704376,1.470466698214001,1.9073486328125e-06,0.10705457499296603,2.6702880859375e-05,True,worse,Dual_Phase_Modulation
CSDI,freq,20,0.018347190788103485,-0.004114292141421438,0.04075229867267421,0.3370178140120912,0.16495704650878906,0.034532380383018244,0.6598281860351562,False,worse,Dual_Phase_Modulation
DLinear,freq,20,-0.002261285035025317,-0.0053547648401401325,0.0010382414173678754,-0.2986039532272991,0.09730720520019531,-0.0030910043849341554,0.48653602600097656,False,better,Dual_Phase_Modulation
FITS,freq,20,-0.027584982537614565,-0.06121145661613644,0.00034663812790688823,-0.3734730393761626,0.3299827575683594,-0.002354121501467018,0.9899482727050781,False,better,Dual_Phase_Modulation
FreMLP,freq,20,0.023874482035943577,0.013974252389544691,0.034868120153006714,0.9760140274379798,4.76837158203125e-05,0.020937353142956857,0.0006198883056640625,True,worse,Dual_Phase_Modulation
MICN_Mean,freq,20,0.05358098548254332,0.029547075609579893,0.07947500059775577,0.9177107988016185,0.000209808349609375,0.03119623999813023,0.0025177001953125,True,worse,Dual_Phase_Modulation
MICN_Regre,freq,20,0.053353309483782765,0.028435291394868202,0.07895995414883084,0.9142673136775826,0.0003223419189453125,0.05063930380414622,0.0035457611083984375,True,worse,Dual_Phase_Modulation
MLinear,freq,20,0.012490583192789787,0.0011633407895303728,0.024086475521951617,0.46764816268930515,0.05316925048828125,0.012510713288578428,0.37218475341796875,False,worse,Dual_Phase_Modulation
ModernTCN,freq,20,0.015360723472678283,0.0061292625284405464,0.02470101357247129,0.6980940819259412,0.009435653686523438,0.018937722349890856,0.09435653686523438,False,worse,Dual_Phase_Modulation
NBeats,freq,20,0.020202816031436383,0.002450766968702909,0.03849112268835965,0.48217363180226747,0.0758514404296875,0.0240990385811547,0.455108642578125,False,worse,Dual_Phase_Modulation
PatchTST,freq,20,0.006701159641662226,-0.02341940478094047,0.034238847800340325,0.09674672911121007,0.4523754119873047,0.010644568973966078,0.9899482727050781,False,worse,Dual_Phase_Modulation
TSMixer,freq,20,-0.00013194870871745257,-0.016468615197482092,0.011586704033483854,-0.0041331517848951956,0.4523754119873047,0.0018403082860338413,0.9899482727050781,False,better,Dual_Phase_Modulation
TimesNet,freq,20,0.02203011270610613,0.006893124457282666,0.039799716081428994,0.5817953756345341,0.012079238891601562,0.018960777667568263,0.10871315002441406,False,worse,Dual_Phase_Modulation
Transformer,freq,20,0.03964095129679806,0.0023929188968631002,0.07382993341961346,0.46995317744042964,0.039989471435546875,0.060832210977536126,0.319915771484375,False,worse,Dual_Phase_Modulation
Autoformer,mae,20,0.007557209139627713,0.005197083773454647,0.01024568676278616,1.2639769992249845,1.9073486328125e-06,0.005542294909556704,2.6702880859375e-05,True,worse,Single_Phase_Modulation
CSDI,mae,20,-0.03981101276824872,-0.04428769425617686,-0.034939192631131356,-3.5706223347209156,1.9073486328125e-06,-0.03856401886790991,2.6702880859375e-05,True,better,Single_Phase_Modulation
DLinear,mae,20,-0.0024577091773971918,-0.0028722281851774716,-0.0020616390357042352,-2.512310737195801,1.9073486328125e-06,-0.002485522989183659,2.6702880859375e-05,True,better,Single_Phase_Modulation
FITS,mae,20,-0.0005743362810462713,-0.0021265872616770985,0.001021883979602717,-0.15565436931125198,0.6742229461669922,-4.9899841348330365e-05,0.6742229461669922,False,better,Single_Phase_Modulation
FreMLP,mae,20,-0.025644077691162236,-0.030149202442527216,-0.020952119965319482,-2.3719245647714895,1.9073486328125e-06,-0.027507201700626566,2.6702880859375e-05,True,better,Single_Phase_Modulation
MICN_Mean,mae,20,-0.046725231715229645,-0.05108980141567067,-0.04274953095830512,-4.765506213665503,1.9073486328125e-06,-0.04585462651898464,2.6702880859375e-05,True,better,Single_Phase_Modulation
MICN_Regre,mae,20,-0.046151455279688045,-0.05046385506001612,-0.04212966288497205,-4.7488113266172896,1.9073486328125e-06,-0.045548553698385764,2.6702880859375e-05,True,better,Single_Phase_Modulation
MLinear,mae,20,-0.007132802085081738,-0.010940179721176006,-0.0033139748863953537,-0.7959442044822911,0.002712249755859375,-0.007547788163026172,0.0108489990234375,True,better,Single_Phase_Modulation
ModernTCN,mae,20,-0.0077893282008046905,-0.013273507593335428,-0.0021533417732020276,-0.588104583648032,0.017181396484375,-0.010216078868135813,0.051544189453125,False,better,Single_Phase_Modulation
NBeats,mae,20,-0.032418064015886434,-0.036091915771823066,-0.028286190449226815,-3.6760247597429894,1.9073486328125e-06,-0.03295432632540663,2.6702880859375e-05,True,better,Single_Phase_Modulation
PatchTST,mae,20,-0.04034750362187624,-0.04431962373867476,-0.03638370922429333,-4.215849309052483,1.9073486328125e-06,-0.04016420738399029,2.6702880859375e-05,True,better,Single_Phase_Modulation
TSMixer,mae,20,-0.043549954612428936,-0.04678176014907193,-0.04022544556168684,-5.599369072877919,1.9073486328125e-06,-0.04517605492472648,2.6702880859375e-05,True,better,Single_Phase_Modulation
TimesNet,mae,20,-0.0368283768308349,-0.04399706470624621,-0.028460374163387658,-2.0234592859407,3.814697265625e-06,-0.03548480786227932,2.6702880859375e-05,True,better,Single_Phase_Modulation
Transformer,mae,20,-0.006859441637061536,-0.012337033541450897,-0.0015529332905045456,-0.5098919956983328,0.04844093322753906,-0.004860074761013206,0.09688186645507812,False,better,Single_Phase_Modulation
Autoformer,phase,20,15.96146004992415,8.558821682840868,23.368586774370083,0.9250388170865119,0.001689910888671875,15.012537151055021,0.00337982177734375,True,worse,Single_Phase_Modulation
CSDI,phase,20,-48.96175709809678,-59.26213044181574,-38.45976387507835,-1.9610983753512534,1.9073486328125e-06,-45.27000797830124,2.6702880859375e-05,True,better,Single_Phase_Modulation
DLinear,phase,20,-3.978913625097556,-5.616482311741537,-2.5908719105884335,-1.1237928541060809,5.7220458984375e-06,-3.196064462741557,2.86102294921875e-05,True,better,Single_Phase_Modulation
FITS,phase,20,-1.5435671657540613,-4.065207866561889,1.204900636578225,-0.24930218726189354,0.10539817810058594,-2.841824357988454,0.10539817810058594,False,better,Single_Phase_Modulation
FreMLP,phase,20,-38.69104428713226,-46.33981045767062,-31.515224176449458,-2.2259255010997276,1.9073486328125e-06,-37.42158753236282,2.6702880859375e-05,True,better,Single_Phase_Modulation
MICN_Mean,phase,20,-57.17020691687706,-67.98487295060076,-45.90525429584846,-2.2609485999300567,1.9073486328125e-06,-52.81331755169329,2.6702880859375e-05,True,better,Single_Phase_Modulation
MICN_Regre,phase,20,-56.76359985217522,-67.68034761092515,-46.41463997880153,-2.2445148314213674,1.9073486328125e-06,-52.239973958736634,2.6702880859375e-05,True,better,Single_Phase_Modulation
MLinear,phase,20,-21.943906388903066,-28.232503901443604,-15.636807534952954,-1.4663752615892578,3.814697265625e-06,-20.470286531931748,2.6702880859375e-05,True,better,Single_Phase_Modulation
ModernTCN,phase,20,-35.786784177755216,-44.684958075855334,-26.63176979075809,-1.6652224356552672,3.814697265625e-06,-30.87681734043536,2.6702880859375e-05,True,better,Single_Phase_Modulation
NBeats,phase,20,-42.94313299480078,-51.01482766350266,-34.946320479946266,-2.306223465489955,1.9073486328125e-06,-44.77536350626209,2.6702880859375e-05,True,better,Single_Phase_Modulation
PatchTST,phase,20,-57.8573101311984,-68.47868035288528,-47.07195582221619,-2.2423313439678427,1.9073486328125e-06,-53.306770577685235,2.6702880859375e-05,True,better,Single_Phase_Modulation
TSMixer,phase,20,-55.996252175159455,-66.4843120521512,-45.491748831133336,-2.268435933447698,1.9073486328125e-06,-52.49112196631672,2.6702880859375e-05,True,better,Single_Phase_Modulation
TimesNet,phase,20,-46.17981877056477,-58.71403061447713,-33.1898389203369,-1.5294793112394658,9.5367431640625e-06,-40.9408358535852,3.814697265625e-05,True,better,Single_Phase_Modulation
Transformer,phase,20,-20.008327420389175,-29.848891179078404,-10.425678547550048,-0.8785172338493751,0.000850677490234375,-17.12949722020938,0.002552032470703125,True,better,Single_Phase_Modulation
Autoformer,freq,20,0.12640625144151812,0.10374544289724501,0.15041496353340364,2.283807043392539,1.9073486328125e-06,0.12958185977433848,2.6702880859375e-05,True,worse,Single_Phase_Modulation
CSDI,freq,20,-0.0401669941224607,-0.05169255142472415,-0.028298403458641156,-1.4359219434446402,1.9073486328125e-06,-0.035937544824736684,2.6702880859375e-05,True,better,Single_Phase_Modulation
DLinear,freq,20,-0.008253469354392123,-0.013025721272616045,-0.004067989584807862,-0.7933460837730769,0.026641845703125,-0.0038185287479764792,0.079925537109375,False,better,Single_Phase_Modulation
FITS,freq,20,-0.006648722796102668,-0.013556596485083464,4.031808773248698e-05,-0.42111575938594775,0.16495704650878906,-0.002245615855559598,0.16495704650878906,False,better,Single_Phase_Modulation
FreMLP,freq,20,-0.03265373949946193,-0.04582460595612195,-0.019292630519867057,-1.0616674891775266,6.29425048828125e-05,-0.03191343446565352,0.000377655029296875,True,better,Single_Phase_Modulation
MICN_Mean,freq,20,-0.04431637448842971,-0.05761221280146772,-0.031092638536109097,-1.4105910746216546,1.9073486328125e-06,-0.03765390661771199,2.6702880859375e-05,True,better,Single_Phase_Modulation
MICN_Regre,freq,20,-0.0443233942022142,-0.058038561961596236,-0.03139338262758748,-1.4098336533174551,1.9073486328125e-06,-0.03776646855361823,2.6702880859375e-05,True,better,Single_Phase_Modulation
MLinear,freq,20,-0.014484049691285222,-0.028071503452542154,-0.0024841479019072224,-0.4786797445458674,0.058258056640625,-0.0051078987793903765,0.11651611328125,False,better,Single_Phase_Modulation
ModernTCN,freq,20,-0.04038516292041066,-0.052931565449742674,-0.028127703296513703,-1.3630763778579804,1.9073486328125e-06,-0.03746637444110808,2.6702880859375e-05,True,better,Single_Phase_Modulation
NBeats,freq,20,-0.0403338463385488,-0.0525872998332942,-0.028227966127743073,-1.3718126060074856,1.9073486328125e-06,-0.03552874723202465,2.6702880859375e-05,True,better,Single_Phase_Modulation
PatchTST,freq,20,-0.04453805484137002,-0.05814514109746827,-0.031228453281501145,-1.3970162556907257,1.9073486328125e-06,-0.03712870409954382,2.6702880859375e-05,True,better,Single_Phase_Modulation
TSMixer,freq,20,-0.042971862678667164,-0.055653043037329694,-0.03092942790827457,-1.4340710767715317,1.9073486328125e-06,-0.03721497291986436,2.6702880859375e-05,True,better,Single_Phase_Modulation
TimesNet,freq,20,-0.035040408806460796,-0.04877518047971815,-0.02100468746659886,-1.063722612850459,0.0001678466796875,-0.03240243117837853,0.0008392333984375,True,better,Single_Phase_Modulation
Transformer,freq,20,-0.02537107002817831,-0.03806421362581327,-0.01317890254890763,-0.8789615011953692,0.000850677490234375,-0.01675635618595216,0.0034027099609375,True,better,Single_Phase_Modulation
