,,,mae,mae,phase,phase,freq,freq
,,,mean,count,mean,count,mean,count
model,tag_class,dist_bin,,,,,,
Autoformer,F,"(-0.001, 5.0]",0.08528464170793693,24,87.9597398802502,24,0.29840237489918775,24
Autoformer,F,"(10.0, 20.0]",0.07893546572480446,39,78.05456532280047,39,0.3441729333305714,39
Autoformer,F,"(20.0, 40.0]",0.07191567740258244,90,76.6041095192051,90,0.34131143333448,90
Autoformer,F,"(40.0, 100.0]",0.06340692847998988,234,66.41977186629293,234,0.12420114195531605,234
Autoformer,F,"(5.0, 10.0]",0.08181868574448994,21,84.60528063619994,21,0.3296882641380491,21
Autoformer,H,"(-0.001, 5.0]",0.08672036592883092,27,88.5721952390941,27,0.3912830798436965,27
Autoformer,H,"(10.0, 20.0]",0.08444588950276374,45,87.14382610807795,45,0.3557573504327738,45
Autoformer,H,"(20.0, 40.0]",0.08526044608178464,66,85.72859533445128,66,0.2525118966159834,66
Autoformer,H,"(40.0, 100.0]",0.08014815051108598,30,81.55953849190688,30,0.11784649351452774,30
Autoformer,H,"(5.0, 10.0]",0.08805191654711962,24,97.63403159742201,24,0.33515480165118244,24
Autoformer,none,nan,0.06929675293403367,600,69.95196061410735,600,0.07174145725913175,600
CSDI,F,"(-0.001, 5.0]",0.09404331849267085,24,86.41607133988957,24,0.3839417459216188,24
CSDI,F,"(10.0, 20.0]",0.0819005641876123,39,75.13193340820912,39,0.3749643464261042,39
CSDI,F,"(20.0, 40.0]",0.0667245993109213,90,61.59378344282284,90,0.37331519872074354,90
CSDI,F,"(40.0, 100.0]",0.03222715706747566,234,29.537530613261882,234,0.08242611439193222,234
CSDI,F,"(5.0, 10.0]",0.0883561020238059,21,82.3174836850192,21,0.33268624073121117,21
CSDI,H,"(-0.001, 5.0]",0.08812381494376395,27,82.52264714295846,27,0.25936018177703773,27
CSDI,H,"(10.0, 20.0]",0.058620656329724526,45,51.22637625543683,45,0.027183727494648677,45
CSDI,H,"(20.0, 40.0]",0.04501897098327225,66,35.83337009069871,66,0.0185141046649658,66
CSDI,H,"(40.0, 100.0]",0.02465389939894279,30,17.128698274983837,30,0.010897438648216596,30
CSDI,H,"(5.0, 10.0]",0.06294816094761094,24,56.10541052094977,24,0.036455499875089885,24
CSDI,none,nan,0.023574534040689467,600,16.99496625266735,600,0.010445344539398188,600
DLinear,F,"(-0.001, 5.0]",0.0817249900723497,24,81.20538438646273,24,0.3794252942813697,24
DLinear,F,"(10.0, 20.0]",0.07670599260964454,39,79.22806476668279,39,0.3899586782961259,39
DLinear,F,"(20.0, 40.0]",0.06587237766798999,90,63.41947160951586,90,0.4001473333393292,90
DLinear,F,"(40.0, 100.0]",0.05626820667113504,234,47.73752500027774,234,0.10535756198028445,234
DLinear,F,"(5.0, 10.0]",0.07903863306556429,21,86.97815833852663,21,0.3420461236071326,21
DLinear,H,"(-0.001, 5.0]",0.08428860261484428,27,82.10219214359688,27,0.25246131426675716,27
DLinear,H,"(10.0, 20.0]",0.06827029615640641,45,56.48463802846917,45,0.0683932117374706,45
DLinear,H,"(20.0, 40.0]",0.06523306217496143,66,54.13010559434848,66,0.022426252684532823,66
DLinear,H,"(40.0, 100.0]",0.05901158497730891,30,53.53188404842208,30,0.011499380309973713,30
DLinear,H,"(5.0, 10.0]",0.06871868943795562,24,62.68972710919107,24,0.04357405274297982,24
DLinear,none,nan,0.05481053293570876,600,42.43603110038048,600,0.023470442436989307,600
FITS,F,"(-0.001, 5.0]",0.08185999408364296,24,81.11928973836955,24,0.394730130296161,24
FITS,F,"(10.0, 20.0]",0.08195021433325914,39,83.8031594095896,39,0.39027455987982507,39
FITS,F,"(20.0, 40.0]",0.0739177808240056,90,67.67367834172832,90,0.38984311079292694,90
FITS,F,"(40.0, 100.0]",0.06665330779285003,234,61.658208158664195,234,0.10243990250597829,234
FITS,F,"(5.0, 10.0]",0.08270170653150195,21,90.76897795246535,21,0.35746571846236175,21
FITS,H,"(-0.001, 5.0]",0.08126532819535998,27,79.94589054430418,27,0.38112817688310385,27
FITS,H,"(10.0, 20.0]",0.06824328742259078,45,57.26537422596179,45,0.04867695662809021,45
FITS,H,"(20.0, 40.0]",0.06963728672288583,66,60.5447445354725,66,0.024001283472957075,66
FITS,H,"(40.0, 100.0]",0.07032630001753568,30,66.89296502133911,30,0.049146996742596254,30
FITS,H,"(5.0, 10.0]",0.07278928531333805,24,69.04456133360868,24,0.055795695344584034,24
FITS,none,nan,0.06261871111690999,600,54.59814886121213,600,0.023893628030209384,600
FreMLP,F,"(-0.001, 5.0]",0.08578497654447953,24,85.60280335891048,24,0.38614765443146526,24
FreMLP,F,"(10.0, 20.0]",0.07563376461848234,39,74.94864316673515,39,0.3768152861889338,39
FreMLP,F,"(20.0, 40.0]",0.06342750117596653,90,61.79703612194781,90,0.3741347976305018,90
FreMLP,F,"(40.0, 100.0]",0.04064421656995247,234,29.38062792620365,234,0.07961103419969036,234
FreMLP,F,"(5.0, 10.0]",0.08056675854183379,21,81.86490150651558,21,0.3337344570052765,21
FreMLP,H,"(-0.001, 5.0]",0.07403274054466574,27,67.53581028645448,27,0.2377157061579379,27
FreMLP,H,"(10.0, 20.0]",0.039602749852670566,45,26.42779829568641,45,0.013313642977949972,45
FreMLP,H,"(20.0, 40.0]",0.033978983754235685,66,21.74096666895336,66,0.0157321392194855,66
FreMLP,H,"(40.0, 100.0]",0.02204668225596348,30,11.643888083840869,30,0.010153903846082234,30
FreMLP,H,"(5.0, 10.0]",0.056512551338722315,24,48.06536576279305,24,0.02367892990943087,24
FreMLP,none,nan,0.02897681229102115,600,12.669193036524842,600,0.007647843332055888,600
Linear,F,"(-0.001, 5.0]",0.08207339256691436,24,83.16340321368966,24,0.38044864021727925,24
Linear,F,"(10.0, 20.0]",0.07677345684323555,39,79.48804869821357,39,0.391444698570389,39
Linear,F,"(20.0, 40.0]",0.06644233495742083,90,64.09767002760026,90,0.4027272118928111,90
Linear,F,"(40.0, 100.0]",0.057203383927798675,234,49.229142082165225,234,0.10726359845132614,234
Linear,F,"(5.0, 10.0]",0.07992518544197083,21,88.86752283782413,21,0.3427791970356672,21
Linear,H,"(-0.001, 5.0]",0.0850137649724881,27,83.00925870623985,27,0.34100471669561483,27
Linear,H,"(10.0, 20.0]",0.06927739333361387,45,57.75915153993421,45,0.03574504457118217,45
Linear,H,"(20.0, 40.0]",0.0669872025755996,66,56.242267545291035,66,0.021727789073018134,66
Linear,H,"(40.0, 100.0]",0.05987145552287499,30,53.4081268415289,30,0.01048628472681028,30
Linear,H,"(5.0, 10.0]",0.06894248176366091,24,65.05146808697205,24,0.04116361885246441,24
Linear,none,nan,0.05596657948866486,600,44.10732628718438,600,0.02397672225532486,600
MICN_Mean,F,"(-0.001, 5.0]",0.08717066487297416,24,85.84698757622174,24,0.3875379822004629,24
MICN_Mean,F,"(10.0, 20.0]",0.07672196566676483,39,76.06535807570495,39,0.37676043070505927,39
MICN_Mean,F,"(20.0, 40.0]",0.06317272987547848,90,61.630415966335924,90,0.37228400037466897,90
MICN_Mean,F,"(40.0, 100.0]",0.03765685820617737,234,28.476526645832568,234,0.07845360323024148,234
MICN_Mean,F,"(5.0, 10.0]",0.08139049610921315,21,81.92186499255745,21,0.3328328722299152,21
MICN_Mean,H,"(-0.001, 5.0]",0.06915698631770081,27,63.35593239388459,27,0.18507534645822818,27
MICN_Mean,H,"(10.0, 20.0]",0.023990524111522568,45,16.582546947035905,45,0.01095048570432073,45
MICN_Mean,H,"(20.0, 40.0]",0.027546512258775305,66,18.596294502909455,66,0.015238743041759052,66
MICN_Mean,H,"(40.0, 100.0]",0.018487497337162494,30,11.950105467347097,30,0.009367047430210041,30
MICN_Mean,H,"(5.0, 10.0]",0.037638242145379384,24,29.278071424919972,24,0.011753862501541442,24
MICN_Mean,none,nan,0.019200477539747955,600,7.267477847058608,600,0.003099076588864528,600
MICN_Regre,F,"(-0.001, 5.0]",0.08727549539258082,24,85.78573463711457,24,0.38773757952426036,24
MICN_Regre,F,"(10.0, 20.0]",0.07687008833464903,39,76.19451605383792,39,0.37615131429079857,39
MICN_Regre,F,"(20.0, 40.0]",0.06345295290731721,90,61.96523407198574,90,0.3724236159496088,90
MICN_Regre,F,"(40.0, 100.0]",0.03746212556353237,234,28.39878800178324,234,0.07846632447756319,234
MICN_Regre,F,"(5.0, 10.0]",0.0812936240860394,21,81.84043482135067,21,0.33293404111832176,21
MICN_Regre,H,"(-0.001, 5.0]",0.07026716467682961,27,66.19848666508622,27,0.2001292932965312,27
MICN_Regre,H,"(10.0, 20.0]",0.023971607037716443,45,16.451263255802004,45,0.01085528445890033,45
MICN_Regre,H,"(20.0, 40.0]",0.027705642656620705,66,18.732565110694626,66,0.015151523190647801,66
MICN_Regre,H,"(40.0, 100.0]",0.01798792534073194,30,11.76698725320013,30,0.012514529785206263,30
MICN_Regre,H,"(5.0, 10.0]",0.03991002149259051,24,31.449632355753835,24,0.011798930595389168,24
MICN_Regre,none,nan,0.019418663473178943,600,7.568314419760977,600,0.0033334243824264774,600
MLinear,F,"(-0.001, 5.0]",0.08502053919248283,24,84.60751385660274,24,0.3790887236763385,24
MLinear,F,"(10.0, 20.0]",0.07894856207072734,39,76.50655333260735,39,0.38098831316085263,39
MLinear,F,"(20.0, 40.0]",0.06778916037744946,90,62.983491876598364,90,0.38457806154501256,90
MLinear,F,"(40.0, 100.0]",0.05215929813937754,234,36.496066495686705,234,0.08990953893938512,234
MLinear,F,"(5.0, 10.0]",0.08221672654151917,21,82.47528709226299,21,0.33582748646638916,21
MLinear,H,"(-0.001, 5.0]",0.08579652476917815,27,82.34200892562001,27,0.36150800643496944,27
MLinear,H,"(10.0, 20.0]",0.06277180225981606,45,48.3007645263064,45,0.027937601777423056,45
MLinear,H,"(20.0, 40.0]",0.05770370877376108,66,42.345507478091825,66,0.021769935883339208,66
MLinear,H,"(40.0, 100.0]",0.04275722853839397,30,27.181823486646145,30,0.011842305304354758,30
MLinear,H,"(5.0, 10.0]",0.07105603123704592,24,60.88018159402765,24,0.11959918797390419,24
MLinear,none,nan,0.04581711170089742,600,24.20938489575574,600,0.012925200448214954,600
ModernTCN,F,"(-0.001, 5.0]",0.08673459568992258,24,81.91920171345431,24,0.38250983036991326,24
ModernTCN,F,"(10.0, 20.0]",0.0815717079738776,39,75.76906754570167,39,0.3739214035066332,39
ModernTCN,F,"(20.0, 40.0]",0.0717837783570091,90,62.80278138749892,90,0.37209639103314623,90
ModernTCN,F,"(40.0, 100.0]",0.05282740229119857,234,33.68420088223464,234,0.08081589166622918,234
ModernTCN,F,"(5.0, 10.0]",0.08414945180927004,21,80.93147828356976,21,0.33251243687240256,21
ModernTCN,H,"(-0.001, 5.0]",0.08160391574656521,27,69.82883485593099,27,0.2676486759494108,27
ModernTCN,H,"(10.0, 20.0]",0.045102034935934676,45,22.310108251997764,45,0.010398325638119913,45
ModernTCN,H,"(20.0, 40.0]",0.04748614108697934,66,24.902157118937268,66,0.017811691114345926,66
ModernTCN,H,"(40.0, 100.0]",0.03926511476933956,30,18.19881181642494,30,0.011949046695260845,30
ModernTCN,H,"(5.0, 10.0]",0.05877439491140346,24,42.20657615871549,24,0.02467087259526618,24
ModernTCN,none,nan,0.041827462118305264,600,16.86228413304859,600,0.008934993500007189,600
NBeats,F,"(-0.001, 5.0]",0.08651809988543391,24,85.39259264965612,24,0.3867365482567296,24
NBeats,F,"(10.0, 20.0]",0.07565704614497148,39,75.50416297415384,39,0.3748847741755722,39
NBeats,F,"(20.0, 40.0]",0.06367651294254595,90,61.82271189512596,90,0.3735418168527149,90
NBeats,F,"(40.0, 100.0]",0.039984619095603115,234,29.53922428460219,234,0.07875742152407482,234
NBeats,F,"(5.0, 10.0]",0.08063754308791388,21,81.15897888693209,21,0.33317130565941855,21
NBeats,H,"(-0.001, 5.0]",0.07691500164844373,27,72.4775382829709,27,0.2141052073004184,27
NBeats,H,"(10.0, 20.0]",0.031125135782692166,45,21.062329285786426,45,0.01199853447679632,45
NBeats,H,"(20.0, 40.0]",0.030301689663619708,66,20.70770734236956,66,0.015517998937989474,66
NBeats,H,"(40.0, 100.0]",0.02201167777677377,30,13.829025976962274,30,0.009880529101720008,30
NBeats,H,"(5.0, 10.0]",0.04430999828502536,24,31.30190684633826,24,0.012005275423992295,24
NBeats,none,nan,0.025990250338738165,600,11.62815523794761,600,0.0060127634402031595,600
PatchTST,F,"(-0.001, 5.0]",0.08522712156176566,24,85.65426118078749,24,0.387514617129279,24
PatchTST,F,"(10.0, 20.0]",0.07615642587725932,39,75.06590739562462,39,0.3764094248106386,39
PatchTST,F,"(20.0, 40.0]",0.06570430128027996,90,61.658924195033535,90,0.37186178392235664,90
PatchTST,F,"(40.0, 100.0]",0.04521660297726973,234,28.407015219002453,234,0.07790609987959494,234
PatchTST,F,"(5.0, 10.0]",0.08010180547123864,21,81.4622685968275,21,0.3328532329711645,21
PatchTST,H,"(-0.001, 5.0]",0.06883464562672156,27,61.615156931666256,27,0.19470922057288617,27
PatchTST,H,"(10.0, 20.0]",0.028760310875044926,45,14.164238831623171,45,0.008380077386275022,45
PatchTST,H,"(20.0, 40.0]",0.030803594710023113,66,15.128024952309355,66,0.013300163604135995,66
PatchTST,H,"(40.0, 100.0]",0.02289451806495587,30,8.937684118754577,30,0.0062645295799796125,30
PatchTST,H,"(5.0, 10.0]",0.03299001211921374,24,18.21485842643955,24,0.007543328476037299,24
PatchTST,none,nan,0.027329603642846145,600,5.55318259119608,600,0.0029967889758403003,600
TSMixer,F,"(-0.001, 5.0]",0.08657896104579171,24,86.39578010892588,24,0.3866875823052216,24
TSMixer,F,"(10.0, 20.0]",0.07578471965896777,39,75.35711577743211,39,0.3764538986452473,39
TSMixer,F,"(20.0, 40.0]",0.0632246877633863,90,61.53470936207661,90,0.3762147470744632,90
TSMixer,F,"(40.0, 100.0]",0.040110756455896755,234,29.246147066112915,234,0.08302134104666703,234
TSMixer,F,"(5.0, 10.0]",0.08023692721412296,21,81.7003609664933,21,0.3322979831116467,21
TSMixer,H,"(-0.001, 5.0]",0.07996408298059746,27,74.65637856313303,27,0.25691650886829787,27
TSMixer,H,"(10.0, 20.0]",0.03672718720634779,45,21.978832005752466,45,0.011124897764808173,45
TSMixer,H,"(20.0, 40.0]",0.03127748564337239,66,20.474165453198214,66,0.016726344070400037,66
TSMixer,H,"(40.0, 100.0]",0.022110913728674252,30,13.029147154257435,30,0.010314376361551133,30
TSMixer,H,"(5.0, 10.0]",0.05462287626539667,24,42.965739909840714,24,0.024452247924627468,24
TSMixer,none,nan,0.028496349236617487,600,13.009284615498908,600,0.008047205106800872,600
Transformer,F,"(-0.001, 5.0]",0.0889102632397165,24,85.89562717411701,24,0.3858069410484841,24
Transformer,F,"(10.0, 20.0]",0.07911261154099918,39,75.63880533473363,39,0.3757836721479188,39
Transformer,F,"(20.0, 40.0]",0.06648065739290582,90,62.03744893794049,90,0.37283331656847857,90
Transformer,F,"(40.0, 100.0]",0.04135032600062525,234,29.775044677834106,234,0.07840934260918264,234
Transformer,F,"(5.0, 10.0]",0.08348603445859182,21,81.17342481883827,21,0.33261083022052096,21
Transformer,H,"(-0.001, 5.0]",0.08725419317958531,27,83.46000965721866,27,0.3587067526428854,27
Transformer,H,"(10.0, 20.0]",0.0605271009777983,45,49.565981003777964,45,0.02950660762701437,45
Transformer,H,"(20.0, 40.0]",0.04487201604201938,66,30.6548650179371,66,0.010304803743943129,66
Transformer,H,"(40.0, 100.0]",0.02899540734042724,30,15.969527466407978,30,0.011398143903718723,30
Transformer,H,"(5.0, 10.0]",0.06346674481406808,24,53.01101475534625,24,0.050386409839135615,24
Transformer,none,nan,0.032395279861055316,600,14.676174692442485,600,0.007098880243530157,600
