dataset,track,synthetic_family,metric,group,mean_rank_syn,mean_rank_real,n_models
BIDMC,A,Drift_Harmonic,mae,Local receptive field,6.5,3.5,4
BIDMC,A,Drift_Harmonic,mae,Global attention,8.0,6.0,1
BIDMC,A,Drift_Harmonic,mae,Decomposition,10.0,11.5,4
BIDMC,A,Drift_Harmonic,mae,Linear and MLP,6.0,8.0,4
BIDMC,A,Drift_Harmonic,mae,Probabilistic,7.0,7.0,1
BIDMC,A,Drift_Harmonic,phase,Local receptive field,4.5,2.75,4
BIDMC,A,Drift_Harmonic,phase,Global attention,9.0,6.0,1
BIDMC,A,Drift_Harmonic,phase,Decomposition,10.0,11.25,4
BIDMC,A,Drift_Harmonic,phase,Linear and MLP,7.0,9.0,4
BIDMC,A,Drift_Harmonic,phase,Probabilistic,10.0,7.0,1
BIDMC,A,Drift_Harmonic,freq,Local receptive field,4.0,2.5,4
BIDMC,A,Drift_Harmonic,freq,Global attention,10.0,6.0,1
BIDMC,A,Drift_Harmonic,freq,Decomposition,11.25,9.25,4
BIDMC,A,Drift_Harmonic,freq,Linear and MLP,6.25,10.0,4
BIDMC,A,Drift_Harmonic,freq,Probabilistic,9.0,12.0,1
DaLiA,A,Drift_Harmonic,mae,Local receptive field,6.5,4.75,4
DaLiA,A,Drift_Harmonic,mae,Global attention,8.0,4.0,1
DaLiA,A,Drift_Harmonic,mae,Decomposition,10.0,11.0,4
DaLiA,A,Drift_Harmonic,mae,Linear and MLP,6.0,6.5,4
DaLiA,A,Drift_Harmonic,mae,Probabilistic,7.0,12.0,1
DaLiA,A,Drift_Harmonic,phase,Local receptive field,4.5,3.5,4
DaLiA,A,Drift_Harmonic,phase,Global attention,9.0,8.0,1
DaLiA,A,Drift_Harmonic,phase,Decomposition,10.0,11.5,4
DaLiA,A,Drift_Harmonic,phase,Linear and MLP,7.0,6.25,4
DaLiA,A,Drift_Harmonic,phase,Probabilistic,10.0,12.0,1
DaLiA,A,Drift_Harmonic,freq,Local receptive field,4.0,3.25,4
DaLiA,A,Drift_Harmonic,freq,Global attention,10.0,9.0,1
DaLiA,A,Drift_Harmonic,freq,Decomposition,11.25,12.25,4
DaLiA,A,Drift_Harmonic,freq,Linear and MLP,6.25,7.25,4
DaLiA,A,Drift_Harmonic,freq,Probabilistic,9.0,5.0,1
AFDB,A,Single_Phase_Modulation,mae,Local receptive field,4.4,3.2,5
AFDB,A,Single_Phase_Modulation,mae,Global attention,11.0,15.0,1
AFDB,A,Single_Phase_Modulation,mae,Decomposition,12.0,11.0,4
AFDB,A,Single_Phase_Modulation,mae,Linear and MLP,8.5,8.25,4
AFDB,A,Single_Phase_Modulation,mae,Probabilistic,5.0,12.0,1
AFDB,A,Single_Phase_Modulation,phase,Local receptive field,4.2,3.4,5
AFDB,A,Single_Phase_Modulation,phase,Global attention,11.0,9.0,1
AFDB,A,Single_Phase_Modulation,phase,Decomposition,12.0,11.25,4
AFDB,A,Single_Phase_Modulation,phase,Linear and MLP,8.75,8.75,4
AFDB,A,Single_Phase_Modulation,phase,Probabilistic,5.0,14.0,1
AFDB,A,Single_Phase_Modulation,freq,Local receptive field,3.8,3.0,5
AFDB,A,Single_Phase_Modulation,freq,Global attention,10.0,10.0,1
AFDB,A,Single_Phase_Modulation,freq,Decomposition,12.25,11.0,4
AFDB,A,Single_Phase_Modulation,freq,Linear and MLP,8.75,9.0,4
AFDB,A,Single_Phase_Modulation,freq,Probabilistic,7.0,15.0,1
AFDB,A,Dual_Phase_Modulation,mae,Local receptive field,5.8,3.2,5
AFDB,A,Dual_Phase_Modulation,mae,Global attention,13.0,15.0,1
AFDB,A,Dual_Phase_Modulation,mae,Decomposition,9.5,11.0,4
AFDB,A,Dual_Phase_Modulation,mae,Linear and MLP,7.25,8.25,4
AFDB,A,Dual_Phase_Modulation,mae,Probabilistic,11.0,12.0,1
AFDB,A,Dual_Phase_Modulation,phase,Local receptive field,5.0,3.4,5
AFDB,A,Dual_Phase_Modulation,phase,Global attention,14.0,9.0,1
AFDB,A,Dual_Phase_Modulation,phase,Decomposition,9.25,11.25,4
AFDB,A,Dual_Phase_Modulation,phase,Linear and MLP,7.75,8.75,4
AFDB,A,Dual_Phase_Modulation,phase,Probabilistic,13.0,14.0,1
AFDB,A,Dual_Phase_Modulation,freq,Local receptive field,9.8,3.0,5
AFDB,A,Dual_Phase_Modulation,freq,Global attention,12.0,10.0,1
AFDB,A,Dual_Phase_Modulation,freq,Decomposition,7.25,11.0,4
AFDB,A,Dual_Phase_Modulation,freq,Linear and MLP,5.5,9.0,4
AFDB,A,Dual_Phase_Modulation,freq,Probabilistic,8.0,15.0,1
NSRDB,A,Single_Phase_Modulation,mae,Local receptive field,4.4,4.4,5
NSRDB,A,Single_Phase_Modulation,mae,Global attention,11.0,14.0,1
NSRDB,A,Single_Phase_Modulation,mae,Decomposition,12.0,10.75,4
NSRDB,A,Single_Phase_Modulation,mae,Linear and MLP,8.5,7.75,4
NSRDB,A,Single_Phase_Modulation,mae,Probabilistic,5.0,10.0,1
NSRDB,A,Single_Phase_Modulation,phase,Local receptive field,4.2,4.0,5
NSRDB,A,Single_Phase_Modulation,phase,Global attention,11.0,13.0,1
NSRDB,A,Single_Phase_Modulation,phase,Decomposition,12.0,10.25,4
NSRDB,A,Single_Phase_Modulation,phase,Linear and MLP,8.75,8.0,4
NSRDB,A,Single_Phase_Modulation,phase,Probabilistic,5.0,14.0,1
NSRDB,A,Single_Phase_Modulation,freq,Local receptive field,3.8,5.6,5
NSRDB,A,Single_Phase_Modulation,freq,Global attention,10.0,13.0,1
NSRDB,A,Single_Phase_Modulation,freq,Decomposition,12.25,11.25,4
NSRDB,A,Single_Phase_Modulation,freq,Linear and MLP,8.75,4.75,4
NSRDB,A,Single_Phase_Modulation,freq,Probabilistic,7.0,15.0,1
NSRDB,A,Dual_Phase_Modulation,mae,Local receptive field,5.8,4.4,5
NSRDB,A,Dual_Phase_Modulation,mae,Global attention,13.0,14.0,1
NSRDB,A,Dual_Phase_Modulation,mae,Decomposition,9.5,10.75,4
NSRDB,A,Dual_Phase_Modulation,mae,Linear and MLP,7.25,7.75,4
NSRDB,A,Dual_Phase_Modulation,mae,Probabilistic,11.0,10.0,1
NSRDB,A,Dual_Phase_Modulation,phase,Local receptive field,5.0,4.0,5
NSRDB,A,Dual_Phase_Modulation,phase,Global attention,14.0,13.0,1
NSRDB,A,Dual_Phase_Modulation,phase,Decomposition,9.25,10.25,4
NSRDB,A,Dual_Phase_Modulation,phase,Linear and MLP,7.75,8.0,4
NSRDB,A,Dual_Phase_Modulation,phase,Probabilistic,13.0,14.0,1
NSRDB,A,Dual_Phase_Modulation,freq,Local receptive field,9.8,5.6,5
NSRDB,A,Dual_Phase_Modulation,freq,Global attention,12.0,13.0,1
NSRDB,A,Dual_Phase_Modulation,freq,Decomposition,7.25,11.25,4
NSRDB,A,Dual_Phase_Modulation,freq,Linear and MLP,5.5,4.75,4
NSRDB,A,Dual_Phase_Modulation,freq,Probabilistic,8.0,15.0,1
SleepEDF,A,Dual_Phase_Modulation,mae,Local receptive field,5.8,8.2,5
SleepEDF,A,Dual_Phase_Modulation,mae,Global attention,13.0,7.0,1
SleepEDF,A,Dual_Phase_Modulation,mae,Decomposition,9.5,9.25,4
SleepEDF,A,Dual_Phase_Modulation,mae,Linear and MLP,7.25,6.5,4
SleepEDF,A,Dual_Phase_Modulation,mae,Probabilistic,11.0,9.0,1
SleepEDF,A,Dual_Phase_Modulation,phase,Local receptive field,5.0,8.2,5
SleepEDF,A,Dual_Phase_Modulation,phase,Global attention,14.0,8.0,1
SleepEDF,A,Dual_Phase_Modulation,phase,Decomposition,9.25,8.75,4
SleepEDF,A,Dual_Phase_Modulation,phase,Linear and MLP,7.75,6.75,4
SleepEDF,A,Dual_Phase_Modulation,phase,Probabilistic,13.0,9.0,1
SleepEDF,A,Dual_Phase_Modulation,freq,Local receptive field,9.8,7.6,5
SleepEDF,A,Dual_Phase_Modulation,freq,Global attention,12.0,6.0,1
SleepEDF,A,Dual_Phase_Modulation,freq,Decomposition,7.25,9.25,4
SleepEDF,A,Dual_Phase_Modulation,freq,Linear and MLP,5.5,9.25,4
SleepEDF,A,Dual_Phase_Modulation,freq,Probabilistic,8.0,2.0,1
BIDMC,B,Drift_Harmonic,mae,Local receptive field,6.0,3.25,4
BIDMC,B,Drift_Harmonic,mae,Global attention,7.0,4.0,1
BIDMC,B,Drift_Harmonic,mae,Decomposition,9.25,10.5,4
BIDMC,B,Drift_Harmonic,mae,Linear and MLP,5.75,8.0,4
BIDMC,B,Drift_Harmonic,phase,Local receptive field,4.5,3.25,4
BIDMC,B,Drift_Harmonic,phase,Global attention,9.0,5.0,1
BIDMC,B,Drift_Harmonic,phase,Decomposition,9.25,10.5,4
BIDMC,B,Drift_Harmonic,phase,Linear and MLP,6.75,7.75,4
BIDMC,B,Drift_Harmonic,freq,Local receptive field,4.0,3.5,4
BIDMC,B,Drift_Harmonic,freq,Global attention,9.0,9.0,1
BIDMC,B,Drift_Harmonic,freq,Decomposition,10.5,10.0,4
BIDMC,B,Drift_Harmonic,freq,Linear and MLP,6.0,7.0,4
DaLiA,B,Drift_Harmonic,mae,Local receptive field,6.0,7.0,4
DaLiA,B,Drift_Harmonic,mae,Global attention,7.0,2.0,1
DaLiA,B,Drift_Harmonic,mae,Decomposition,9.25,9.75,4
DaLiA,B,Drift_Harmonic,mae,Linear and MLP,5.75,5.5,4
DaLiA,B,Drift_Harmonic,phase,Local receptive field,4.5,6.0,4
DaLiA,B,Drift_Harmonic,phase,Global attention,9.0,5.0,1
DaLiA,B,Drift_Harmonic,phase,Decomposition,9.25,10.75,4
DaLiA,B,Drift_Harmonic,phase,Linear and MLP,6.75,4.75,4
DaLiA,B,Drift_Harmonic,freq,Local receptive field,4.0,4.0,4
DaLiA,B,Drift_Harmonic,freq,Global attention,9.0,8.0,1
DaLiA,B,Drift_Harmonic,freq,Decomposition,10.5,11.5,4
DaLiA,B,Drift_Harmonic,freq,Linear and MLP,6.0,5.25,4
AFDB,B,Single_Phase_Modulation,mae,Local receptive field,4.0,10.4,5
AFDB,B,Single_Phase_Modulation,mae,Global attention,10.0,2.0,1
AFDB,B,Single_Phase_Modulation,mae,Decomposition,11.0,5.0,4
AFDB,B,Single_Phase_Modulation,mae,Linear and MLP,7.75,7.75,4
AFDB,B,Single_Phase_Modulation,phase,Local receptive field,3.8,4.0,5
AFDB,B,Single_Phase_Modulation,phase,Global attention,10.0,11.0,1
AFDB,B,Single_Phase_Modulation,phase,Decomposition,11.0,12.0,4
AFDB,B,Single_Phase_Modulation,phase,Linear and MLP,8.0,6.5,4
AFDB,B,Single_Phase_Modulation,freq,Local receptive field,3.6,6.0,5
AFDB,B,Single_Phase_Modulation,freq,Global attention,9.0,14.0,1
AFDB,B,Single_Phase_Modulation,freq,Decomposition,11.25,6.75,4
AFDB,B,Single_Phase_Modulation,freq,Linear and MLP,8.25,8.5,4
AFDB,B,Dual_Phase_Modulation,mae,Local receptive field,5.6,10.4,5
AFDB,B,Dual_Phase_Modulation,mae,Global attention,12.0,2.0,1
AFDB,B,Dual_Phase_Modulation,mae,Decomposition,9.25,5.0,4
AFDB,B,Dual_Phase_Modulation,mae,Linear and MLP,7.0,7.75,4
AFDB,B,Dual_Phase_Modulation,phase,Local receptive field,5.0,4.0,5
AFDB,B,Dual_Phase_Modulation,phase,Global attention,13.0,11.0,1
AFDB,B,Dual_Phase_Modulation,phase,Decomposition,9.0,12.0,4
AFDB,B,Dual_Phase_Modulation,phase,Linear and MLP,7.75,6.5,4
AFDB,B,Dual_Phase_Modulation,freq,Local receptive field,9.2,6.0,5
AFDB,B,Dual_Phase_Modulation,freq,Global attention,11.0,14.0,1
AFDB,B,Dual_Phase_Modulation,freq,Decomposition,6.75,6.75,4
AFDB,B,Dual_Phase_Modulation,freq,Linear and MLP,5.25,8.5,4
NSRDB,B,Single_Phase_Modulation,mae,Local receptive field,4.0,7.8,5
NSRDB,B,Single_Phase_Modulation,mae,Global attention,10.0,2.0,1
NSRDB,B,Single_Phase_Modulation,mae,Decomposition,11.0,8.5,4
NSRDB,B,Single_Phase_Modulation,mae,Linear and MLP,7.75,7.5,4
NSRDB,B,Single_Phase_Modulation,phase,Local receptive field,3.8,6.2,5
NSRDB,B,Single_Phase_Modulation,phase,Global attention,10.0,3.0,1
NSRDB,B,Single_Phase_Modulation,phase,Decomposition,11.0,10.5,4
NSRDB,B,Single_Phase_Modulation,phase,Linear and MLP,8.0,7.25,4
NSRDB,B,Single_Phase_Modulation,freq,Local receptive field,3.6,5.2,5
NSRDB,B,Single_Phase_Modulation,freq,Global attention,9.0,10.0,1
NSRDB,B,Single_Phase_Modulation,freq,Decomposition,11.25,8.75,4
NSRDB,B,Single_Phase_Modulation,freq,Linear and MLP,8.25,8.5,4
NSRDB,B,Dual_Phase_Modulation,mae,Local receptive field,5.6,7.8,5
NSRDB,B,Dual_Phase_Modulation,mae,Global attention,12.0,2.0,1
NSRDB,B,Dual_Phase_Modulation,mae,Decomposition,9.25,8.5,4
NSRDB,B,Dual_Phase_Modulation,mae,Linear and MLP,7.0,7.5,4
NSRDB,B,Dual_Phase_Modulation,phase,Local receptive field,5.0,6.2,5
NSRDB,B,Dual_Phase_Modulation,phase,Global attention,13.0,3.0,1
NSRDB,B,Dual_Phase_Modulation,phase,Decomposition,9.0,10.5,4
NSRDB,B,Dual_Phase_Modulation,phase,Linear and MLP,7.75,7.25,4
NSRDB,B,Dual_Phase_Modulation,freq,Local receptive field,9.2,5.2,5
NSRDB,B,Dual_Phase_Modulation,freq,Global attention,11.0,10.0,1
NSRDB,B,Dual_Phase_Modulation,freq,Decomposition,6.75,8.75,4
NSRDB,B,Dual_Phase_Modulation,freq,Linear and MLP,5.25,8.5,4
