dataset,track,fidelity,tau,p_value,ci_lo,ci_hi,p_perm_gt0,n_models,n_units
BIDMC,A,phase,0.8285714285714286,9.951376518836835e-07,0.6571428571428571,0.9238095238095239,0.0,15,11
BIDMC,A,freq,0.33333333333333337,0.09264256691158146,0.2761904761904762,0.5047619047619049,0.0415,15,11
BIDMC,A,band_power,0.3142857142857143,0.11424717239544455,0.23809523809523814,0.5428571428571429,0.0495,15,11
BIDMC,A,xcorr_lag,-0.08571428571428572,0.6971814254173712,-0.5047619047619049,0.37142857142857144,0.695,15,11
DaLiA,A,phase,0.7333333333333334,3.702856397962218e-05,0.5238095238095238,0.8095238095238096,0.0,15,3
DaLiA,A,freq,0.5238095238095238,0.005901586283902752,0.028571428571428574,0.6380952380952382,0.0035,15,3
DaLiA,A,band_power,0.2761904761904762,0.16857787367749338,-0.12380952380952381,0.4666666666666667,0.0915,15,3
DaLiA,A,xcorr_lag,0.37142857142857144,0.058995845051235264,0.18095238095238098,0.580952380952381,0.0305,15,3
AFDB,A,phase,0.8476190476190477,4.0734605880108527e-07,0.6952380952380953,0.9047619047619049,0.0,15,4
AFDB,A,freq,0.7523809523809525,1.9694049703970338e-05,0.6380952380952382,0.8285714285714286,0.0,15,4
AFDB,A,band_power,0.6380952380952382,0.0005320215605847219,0.3523809523809524,0.7333333333333334,0.0,15,4
AFDB,A,xcorr_lag,0.04761904761904762,0.845841042458974,-0.10476190476190476,0.21904761904761905,0.4105,15,4
NSRDB,A,phase,0.6571428571428571,0.00033037090163412914,0.5428571428571429,0.8666666666666667,0.0,15,6
NSRDB,A,freq,0.48571428571428577,0.01140991603041041,-0.028571428571428574,0.8476190476190477,0.0075,15,6
NSRDB,A,band_power,0.2571428571428572,0.20184282422518202,0.06666666666666668,0.580952380952381,0.091,15,6
NSRDB,A,xcorr_lag,0.29523809523809524,0.13946285911906778,-0.028571428571428574,0.3523809523809524,0.07,15,6
SleepEDF,A,phase,0.9238095238095239,4.4720613503682285e-09,0.8285714285714286,0.961904761904762,0.0,15,7
SleepEDF,A,freq,-0.06666666666666668,0.770495669755301,-0.29523809523809524,0.06666666666666668,0.644,15,7
SleepEDF,A,band_power,0.6952380952380953,0.00011760372441589373,0.580952380952381,0.7333333333333334,0.0,15,7
SleepEDF,A,xcorr_lag,0.12380952380952381,0.5589660721223221,0.028571428571428574,0.20000000000000004,0.2855,15,7
BIDMC,B,phase,0.9560439560439562,2.385915084327783e-09,0.8021978021978022,0.9780219780219781,0.0,14,11
BIDMC,B,freq,0.45054945054945056,0.02639976320159852,0.2527472527472528,0.7582417582417583,0.017,14,11
BIDMC,B,band_power,0.7802197802197802,1.9192943300086156e-05,0.5604395604395604,0.8021978021978022,0.0,14,11
BIDMC,B,xcorr_lag,-0.18681318681318684,0.3879883441211566,-0.5164835164835165,0.4945054945054945,0.8295,14,11
BIDMC,B,peak_timing,0.42857142857142855,0.035565667086624425,0.05494505494505495,0.5164835164835165,0.018,14,11
BIDMC,B,peak_amp,0.6263736263736264,0.0012344453248471106,0.4065934065934066,0.6483516483516484,0.0,14,11
BIDMC,B,peak_f1,-0.6483516483516484,0.0007575015418517403,-0.8021978021978022,-0.5384615384615384,0.9995,14,11
BIDMC,B,rr_err,0.4725274725274726,0.01927860024400203,0.2967032967032967,0.7142857142857144,0.0115,14,11
DaLiA,B,phase,0.7362637362637363,7.724287672204338e-05,0.6043956043956044,0.8461538461538461,0.0,14,3
DaLiA,B,freq,0.3626373626373627,0.07945689917354104,0.18681318681318684,0.45054945054945056,0.0375,14,3
DaLiA,B,band_power,0.6483516483516484,0.0007575015418517403,0.4725274725274726,0.7582417582417583,0.0,14,3
DaLiA,B,xcorr_lag,0.16483516483516486,0.4505630133066889,0.1208791208791209,0.3406593406593407,0.2205,14,3
DaLiA,B,peak_timing,-0.14285714285714285,0.5182528584593317,-0.16483516483516486,0.01098901098901099,0.7845,14,3
DaLiA,B,peak_amp,0.6923076923076924,0.00026001771413477765,0.4945054945054945,0.6923076923076924,0.0,14,3
DaLiA,B,peak_f1,0.2967032967032967,0.15716301603764402,0.1208791208791209,0.3626373626373627,0.072,14,3
DaLiA,B,rr_err,0.3626373626373627,0.07945689917354104,0.14285714285714285,0.4945054945054945,0.033,14,3
AFDB,B,phase,-0.4065934065934066,0.04717599910928284,-0.42857142857142855,0.23076923076923078,0.981,14,4
AFDB,B,freq,-0.4065934065934066,0.04717599910928284,-0.5824175824175825,-0.14285714285714285,0.9795,14,4
AFDB,B,band_power,-0.6263736263736264,0.0012344453248471106,-0.7142857142857144,-0.23076923076923078,0.999,14,4
AFDB,B,xcorr_lag,-0.07692307692307693,0.7471887597172815,-0.2087912087912088,0.14285714285714285,0.6725,14,4
AFDB,B,peak_timing,-0.01098901098901099,1.0,-0.27472527472527475,0.2967032967032967,0.551,14,4
AFDB,B,peak_amp,-0.5604395604395604,0.004565983394728434,-0.7802197802197802,0.01098901098901099,0.997,14,4
AFDB,B,peak_f1,0.2527472527472528,0.23311184869840623,-0.03296703296703297,0.38461538461538464,0.1205,14,4
AFDB,B,rr_err,-0.6923076923076924,0.00026001771413477765,-0.7142857142857144,-0.18681318681318684,1.0,14,4
NSRDB,B,phase,0.4945054945054945,0.013837794930304851,0.2527472527472528,0.5824175824175825,0.006,14,6
NSRDB,B,freq,-0.3186813186813187,0.12678708382391418,-0.5384615384615384,0.09890109890109891,0.9525,14,6
NSRDB,B,band_power,-0.3406593406593407,0.10102087460966429,-0.6043956043956044,-0.23076923076923078,0.9685,14,6
NSRDB,B,xcorr_lag,0.18681318681318684,0.3879883441211566,0.05494505494505495,0.3186813186813187,0.19,14,6
NSRDB,B,peak_timing,-0.01098901098901099,1.0,-0.3186813186813187,0.23076923076923078,0.536,14,6
NSRDB,B,peak_amp,0.03296703296703297,0.9144846237132943,-0.16483516483516486,0.1208791208791209,0.464,14,6
NSRDB,B,peak_f1,0.2527472527472528,0.23311184869840623,0.09890109890109891,0.3626373626373627,0.1135,14,6
NSRDB,B,rr_err,0.03296703296703297,0.9144846237132943,-0.1208791208791209,0.16483516483516486,0.469,14,6
