dataset,track,model,event_tag,n_windows,labels,mean_rel_s,mae,phase,freq,band_power,xcorr_lag,peak_timing,peak_amp,peak_f1,rr_err
DaLiA,A,Autoformer,none,4077,,,0.8519964950461784,89.67470098681902,0.5986089367173374,0.9969951031568556,-0.3646553838606818,,,,
DaLiA,A,Autoformer,F,63,activity_0;activity_1;activity_2;activity_4;activity_5;activity_6,3.7261904761904763,0.7034798556879449,91.77365777259877,0.6628048259612901,0.9980312359091713,-0.2095238095238095,,,,
DaLiA,A,Autoformer,H,39,activity_0;activity_1;activity_3;activity_5;activity_6;activity_8,-2.923076923076923,1.2581563772256816,88.97865348697519,0.7077821711908251,0.9980839229490164,-0.7820512820512819,,,,
DaLiA,A,CSDI,none,4077,,,0.8408829897269596,86.19348543381514,0.33694412421011155,0.9482013465968628,-0.39040961491292614,,,,
DaLiA,A,CSDI,F,63,activity_0;activity_1;activity_2;activity_4;activity_5;activity_6,3.7261904761904763,0.6942601654301415,87.6018961179377,0.4139693658362235,0.9529726682277267,-0.3206349206349207,,,,
DaLiA,A,CSDI,H,39,activity_0;activity_1;activity_3;activity_5;activity_6;activity_8,-2.923076923076923,1.242616985218995,84.73460447921249,0.447980608056016,0.9655514770022526,-0.20769230769230773,,,,
DaLiA,A,DLinear,none,4077,,,0.8319434989040244,85.23190905797556,0.4473059941683553,0.9626709163428475,-0.64233505028207,,,,
DaLiA,A,DLinear,F,63,activity_0;activity_1;activity_2;activity_4;activity_5;activity_6,3.7261904761904763,0.6783175069653054,79.75401472892662,0.5644324632839665,0.960391919970859,-0.43968253968253973,,,,
DaLiA,A,DLinear,H,39,activity_0;activity_1;activity_3;activity_5;activity_6;activity_8,-2.923076923076923,1.2371943839856285,85.12210740542139,0.648410111558096,0.9706981806056252,-0.7692307692307693,,,,
DaLiA,A,FITS,none,4077,,,0.8451537918614013,86.65909143160874,0.570471646186371,0.9828670921516973,-0.34991415256315916,,,,
DaLiA,A,FITS,F,63,activity_0;activity_1;activity_2;activity_4;activity_5;activity_6,3.7261904761904763,0.6983942516778627,86.84141004320038,0.6480629252228697,0.9783440723291074,-0.6714285714285713,,,,
DaLiA,A,FITS,H,39,activity_0;activity_1;activity_3;activity_5;activity_6;activity_8,-2.923076923076923,1.252683471159141,87.22554724122668,0.6809151124681417,0.9881056400569287,-0.12820512820512822,,,,
DaLiA,A,FreMLP,none,4077,,,0.8366507891221434,84.97090549223749,0.4082801565163151,0.9560728913029832,-0.5578611724307089,,,,
DaLiA,A,FreMLP,F,63,activity_0;activity_1;activity_2;activity_4;activity_5;activity_6,3.7261904761904763,0.6859536625596137,84.06944608054205,0.43027769044101083,0.9542720013997796,-0.48095238095238096,,,,
DaLiA,A,FreMLP,H,39,activity_0;activity_1;activity_3;activity_5;activity_6;activity_8,-2.923076923076923,1.2495137587868317,86.77535437429034,0.5798356688211771,0.9629231417132883,-0.6153846153846154,,,,
DaLiA,A,Linear,none,4077,,,0.835194711699561,85.71531338555023,0.43703590918594737,0.968034463492491,-0.64532744665195,,,,
DaLiA,A,Linear,F,63,activity_0;activity_1;activity_2;activity_4;activity_5;activity_6,3.7261904761904763,0.6811903157345325,80.38310520114086,0.42066492244186154,0.9651897260363886,-0.5079365079365079,,,,
DaLiA,A,Linear,H,39,activity_0;activity_1;activity_3;activity_5;activity_6;activity_8,-2.923076923076923,1.2403222583602287,85.42044378823792,0.6586800981877355,0.9749827784295175,-0.8153846153846154,,,,
DaLiA,A,MICN_Mean,none,4077,,,0.8306939641195545,83.32062315575473,0.30200479044743095,0.9430391255443245,-0.6449104733872946,,,,
DaLiA,A,MICN_Mean,F,63,activity_0;activity_1;activity_2;activity_4;activity_5;activity_6,3.7261904761904763,0.6893006998992206,83.53951112713533,0.2936697716717966,0.9501498927533338,-0.5492063492063493,,,,
DaLiA,A,MICN_Mean,H,39,activity_0;activity_1;activity_3;activity_5;activity_6;activity_8,-2.923076923076923,1.2591226352527827,87.671589229724,0.5266833110978942,0.9261230087124147,-0.7333333333333334,,,,
DaLiA,A,MICN_Regre,none,4077,,,0.8292750282219777,83.24176650118322,0.30719926675946974,0.9422916461658941,-0.626907039489821,,,,
DaLiA,A,MICN_Regre,F,63,activity_0;activity_1;activity_2;activity_4;activity_5;activity_6,3.7261904761904763,0.6858593855730428,83.35995245783664,0.2793938338291552,0.9494991292533084,-0.3809523809523809,,,,
DaLiA,A,MICN_Regre,H,39,activity_0;activity_1;activity_3;activity_5;activity_6;activity_8,-2.923076923076923,1.2571303981417963,87.86164040760303,0.5468641008693693,0.9314360585016533,-0.7589743589743589,,,,
DaLiA,A,MLinear,none,4077,,,0.8248469846828268,81.57194645595119,0.313781082706252,0.957025425230158,-0.6283787098356635,,,,
DaLiA,A,MLinear,F,63,activity_0;activity_1;activity_2;activity_4;activity_5;activity_6,3.7261904761904763,0.6890631076982633,86.24065787185828,0.4005225810628711,0.9611572858882317,-0.5317460317460316,,,,
DaLiA,A,MLinear,H,39,activity_0;activity_1;activity_3;activity_5;activity_6;activity_8,-2.923076923076923,1.2499189462354379,88.19110544297084,0.45352827104590127,0.965713025525593,-0.40769230769230763,,,,
DaLiA,A,ModernTCN,none,4077,,,0.8336382681478919,84.4060943860628,0.3650336860980748,0.9563556301427045,-0.481972038263429,,,,
DaLiA,A,ModernTCN,F,63,activity_0;activity_1;activity_2;activity_4;activity_5;activity_6,3.7261904761904763,0.6884594882992747,85.16356740233309,0.4322086766077493,0.9563284731935131,-0.41587301587301584,,,,
DaLiA,A,ModernTCN,H,39,activity_0;activity_1;activity_3;activity_5;activity_6;activity_8,-2.923076923076923,1.2411235326117065,87.26083113620047,0.586928344005599,0.9652163097967092,-0.8128205128205128,,,,
DaLiA,A,NBeats,none,4077,,,0.833279146804027,84.41259795552446,0.37666489993671115,0.9539581677378403,-0.6725533480500367,,,,
DaLiA,A,NBeats,F,63,activity_0;activity_1;activity_2;activity_4;activity_5;activity_6,3.7261904761904763,0.6875503120789238,86.26526296630543,0.45524194341574825,0.9538722603181397,-0.5333333333333332,,,,
DaLiA,A,NBeats,H,39,activity_0;activity_1;activity_3;activity_5;activity_6;activity_8,-2.923076923076923,1.2456525870604072,84.71837324831309,0.6561120051310826,0.9569922873389489,-0.7333333333333334,,,,
DaLiA,A,PatchTST,none,4077,,,0.829888745877514,83.0239475207711,0.3201512714615946,0.9628556286095724,-0.5716948736816287,,,,
DaLiA,A,PatchTST,F,63,activity_0;activity_1;activity_2;activity_4;activity_5;activity_6,3.7261904761904763,0.6836833349361026,80.64946900738111,0.4249256889428821,0.9662251547495333,-0.2126984126984127,,,,
DaLiA,A,PatchTST,H,39,activity_0;activity_1;activity_3;activity_5;activity_6;activity_8,-2.923076923076923,1.2501030769044956,88.85053614730565,0.4730394548206718,0.969557562881724,-0.7307692307692307,,,,
DaLiA,A,TSMixer,none,4077,,,0.8320364456253053,84.56008936212896,0.37301577805669106,0.962359255842052,-0.6599215109148884,,,,
DaLiA,A,TSMixer,F,63,activity_0;activity_1;activity_2;activity_4;activity_5;activity_6,3.7261904761904763,0.6871444817607305,83.35893034690636,0.44965330976310164,0.9627439270880164,-0.6809523809523811,,,,
DaLiA,A,TSMixer,H,39,activity_0;activity_1;activity_3;activity_5;activity_6;activity_8,-2.923076923076923,1.2379284704240332,87.00982535707121,0.6287402052955612,0.9637083245488796,-0.8897435897435896,,,,
DaLiA,A,TimesNet,none,4077,,,0.8301123241744539,83.70751196061096,0.3609962723900421,0.9497689035592304,-0.692813343144469,,,,
DaLiA,A,TimesNet,F,63,activity_0;activity_1;activity_2;activity_4;activity_5;activity_6,3.7261904761904763,0.6880616923496182,83.97967895421601,0.4298949569364433,0.9498165564930829,-0.7095238095238096,,,,
DaLiA,A,TimesNet,H,39,activity_0;activity_1;activity_3;activity_5;activity_6;activity_8,-2.923076923076923,1.2433080855124625,88.27023995492225,0.5246127839243618,0.9542585162002774,-0.776923076923077,,,,
DaLiA,A,Transformer,none,4077,,,0.8304703430616756,84.60904324330775,0.382034041689749,0.9595628511613983,-0.7879323031640912,,,,
DaLiA,A,Transformer,F,63,activity_0;activity_1;activity_2;activity_4;activity_5;activity_6,3.7261904761904763,0.6855592592918158,84.92425498232605,0.6046336991542275,0.9594802041728608,-0.780952380952381,,,,
DaLiA,A,Transformer,H,39,activity_0;activity_1;activity_3;activity_5;activity_6;activity_8,-2.923076923076923,1.2345087487009825,87.11633954556973,0.562044007004138,0.9760031843365417,-0.9461538461538461,,,,
AFDB,A,Autoformer,none,1770,,,0.8222887738284357,90.32645607681108,0.9619653474922215,0.993708133598676,-0.4569491525423729,,,,
AFDB,A,Autoformer,H,45,AF_onset,-5.0,1.2803283960292533,86.65156112150429,0.9628017404424903,0.9963384951468879,-0.3044444444444444,,,,
AFDB,A,CSDI,none,1770,,,0.8204803420690859,89.95408937670997,1.413347654649507,0.9890234055899108,0.03943502824858757,,,,
AFDB,A,CSDI,H,45,AF_onset,-5.0,1.2874139360148433,90.10053418135033,1.001401955595296,0.9930392486660168,-0.12444444444444441,,,,
AFDB,A,DLinear,none,1770,,,0.8134129328763495,86.8212150947985,0.732026983588423,0.9529895189219882,-0.2998870056497175,,,,
AFDB,A,DLinear,H,45,AF_onset,-5.0,1.276297598414537,85.34933634844697,0.6167795555056237,0.9608146312336014,-0.8066666666666666,,,,
AFDB,A,FITS,none,1770,,,0.8192054137961869,88.2184413839438,0.747004178485666,0.9800172838553257,0.016553672316384174,,,,
AFDB,A,FITS,H,45,AF_onset,-5.0,1.2758591747124575,87.64212648425907,0.6026248853495257,0.9859345971725924,-0.037777777777777785,,,,
AFDB,A,FreMLP,none,1770,,,0.7908031076980101,76.36920202849525,0.6273695291512278,0.8129006582193572,-0.43045197740112995,,,,
AFDB,A,FreMLP,H,45,AF_onset,-5.0,1.3304998117846425,87.33056747284257,0.7975467537706564,0.8557300422586844,-0.2644444444444444,,,,
AFDB,A,Linear,none,1770,,,0.8159749579143876,87.24864567460384,0.7214557482443449,0.9594657915734941,-0.27954802259887007,,,,
AFDB,A,Linear,H,45,AF_onset,-5.0,1.273231515095168,85.60307851988831,0.5967368479782994,0.9675718784924677,-0.8955555555555554,,,,
AFDB,A,MICN_Mean,none,1770,,,0.7758444410899923,74.43765983473963,0.50710509723113,0.8072052823209341,-0.32949152542372884,,,,
AFDB,A,MICN_Mean,H,45,AF_onset,-5.0,1.3091897002884914,86.67633411781999,0.6543089092397854,0.911511164279023,-0.41777777777777786,,,,
AFDB,A,MICN_Regre,none,1770,,,0.7716951925893871,74.26353516773814,0.4933517137258275,0.8156497556478498,-0.31389830508474575,,,,
AFDB,A,MICN_Regre,H,45,AF_onset,-5.0,1.3051185872685165,85.33086108655698,0.6634019112123376,0.9163737210123268,-0.2488888888888889,,,,
AFDB,A,MLinear,none,1770,,,0.777124384041624,76.01218392547818,0.6226453163781625,0.9313361314154449,-0.4370056497175141,,,,
AFDB,A,MLinear,H,45,AF_onset,-5.0,1.2753800836593145,88.52939587973611,0.6865039356318616,0.9852857015032607,-0.6266666666666667,,,,
AFDB,A,ModernTCN,none,1770,,,0.7696643243418247,73.09520263101967,0.4940866637006419,0.7910093979784614,-0.38158192090395476,,,,
AFDB,A,ModernTCN,H,45,AF_onset,-5.0,1.298899571024761,87.52452281037503,0.6253841383133637,0.9170381068534929,-0.23111111111111116,,,,
AFDB,A,NBeats,none,1770,,,0.8019254957838688,77.26994393076535,0.6860406499176299,0.8128511981837558,-0.39858757062146893,,,,
AFDB,A,NBeats,H,45,AF_onset,-5.0,1.3305593145522807,88.15436463588429,0.6831480991178468,0.8595428003655884,-0.268888888888889,,,,
AFDB,A,PatchTST,none,1770,,,0.7759455876537997,74.95918908316462,0.5378679868622527,0.8962580992247574,-0.3489265536723164,,,,
AFDB,A,PatchTST,H,45,AF_onset,-5.0,1.3002523125578753,88.12345322640851,0.7110476987046179,0.9485183426319274,-0.5266666666666666,,,,
AFDB,A,TSMixer,none,1770,,,0.8049468260789726,84.19366294863221,0.7526463168563047,0.950549824106297,-0.4090395480225989,,,,
AFDB,A,TSMixer,H,45,AF_onset,-5.0,1.2864010991270964,88.46013142778196,0.5869580114272083,0.9610355259129126,-0.7977777777777777,,,,
AFDB,A,TimesNet,none,1770,,,0.7900985089787551,76.91878718243906,0.562626651853369,0.8534496093816585,-0.4028813559322033,,,,
AFDB,A,TimesNet,H,45,AF_onset,-5.0,1.3103408688470308,87.94346876074269,0.6704692723768829,0.9270871541008999,-0.4844444444444444,,,,
AFDB,A,Transformer,none,1770,,,0.8287688647902395,83.32678907583286,0.7491841036600527,0.8566844951863389,-0.3671186440677966,,,,
AFDB,A,Transformer,H,45,AF_onset,-5.0,1.3040232847305016,88.70100187375849,0.5113707347950427,0.9112255558408259,-1.008888888888889,,,,
SleepEDF,A,Autoformer,none,4161,,,1.0405270987057653,87.63362493690144,1.549724907313456,0.920303694365925,-0.03939677962028359,,,,
SleepEDF,A,Autoformer,H,39,stage_1;stage_2;stage_3;stage_4,-0.5,1.0095626300686107,84.91267757931516,1.1358262848580585,0.9321794664758059,0.041538461538461524,,,,
SleepEDF,A,CSDI,none,4161,,,0.8111440509220156,72.67024399226094,1.283788014722413,0.8272518394851556,-0.08622686854121604,,,,
SleepEDF,A,CSDI,H,39,stage_1;stage_2;stage_3;stage_4,-0.5,0.8478645508098094,72.86829710556928,0.8205622587894911,0.8442526979505544,-0.06897435897435897,,,,
SleepEDF,A,DLinear,none,4161,,,0.7829102863733657,67.15637659946961,1.3361976973393137,0.8198294873569513,-0.10841143955779861,,,,
SleepEDF,A,DLinear,H,39,stage_1;stage_2;stage_3;stage_4,-0.5,0.7976853904343966,60.60141848769576,0.847964211406823,0.8365957270481389,-0.07461538461538463,,,,
SleepEDF,A,FITS,none,4161,,,0.8842156308272547,76.200163796962,1.2684357516080336,0.9331906779118577,-0.03689978370583994,,,,
SleepEDF,A,FITS,H,39,stage_1;stage_2;stage_3;stage_4,-0.5,0.875888097045819,69.46867662780602,0.7763256009419701,0.9507219403774602,-0.07307692307692308,,,,
SleepEDF,A,FreMLP,none,4161,,,0.7866563291983093,67.66609746437877,1.3321330867948566,0.8179440769363427,-0.09628214371545302,,,,
SleepEDF,A,FreMLP,H,39,stage_1;stage_2;stage_3;stage_4,-0.5,0.7974707622126638,61.126078550442344,0.8393705252300935,0.8329619010252673,-0.0817948717948718,,,,
SleepEDF,A,Linear,none,4161,,,0.7847750796219547,67.3877297055655,1.3462990362469613,0.8226416377074002,-0.10783225186253305,,,,
SleepEDF,A,Linear,H,39,stage_1;stage_2;stage_3;stage_4,-0.5,0.8006325777856564,60.6875787222185,0.8484136690022505,0.8369670941423885,-0.07128205128205127,,,,
SleepEDF,A,MICN_Mean,none,4161,,,0.8785922595755143,77.54719783469126,1.310077668812605,0.8913944702296089,-0.1930112953616919,,,,
SleepEDF,A,MICN_Mean,H,39,stage_1;stage_2;stage_3;stage_4,-0.5,0.8937775305017175,79.5467601544864,0.8526611588569358,0.8788533930537529,-0.1515384615384615,,,,
SleepEDF,A,MICN_Regre,none,4161,,,0.7818066817409469,67.07156502900193,1.3249426125300732,0.8088111407654983,-0.10682287911559721,,,,
SleepEDF,A,MICN_Regre,H,39,stage_1;stage_2;stage_3;stage_4,-0.5,0.7861403758966332,60.76525516464392,0.8209577849020545,0.8168793382957119,-0.06358974358974358,,,,
SleepEDF,A,MLinear,none,4161,,,0.7858281800596588,67.76028325980766,1.3296496526858748,0.8501171804364868,-0.09609949531362653,,,,
SleepEDF,A,MLinear,H,39,stage_1;stage_2;stage_3;stage_4,-0.5,0.8045446380283101,60.021734048975176,0.8135481820072897,0.8671827405640666,-0.07641025641025642,,,,
SleepEDF,A,ModernTCN,none,4161,,,0.7854037418791828,67.50383551234738,1.3289467275399722,0.8364592402042647,-0.09263638548425861,,,,
SleepEDF,A,ModernTCN,H,39,stage_1;stage_2;stage_3;stage_4,-0.5,0.8058320717056632,60.373825633012096,0.8413068308412773,0.8538078396150149,-0.06435897435897435,,,,
SleepEDF,A,NBeats,none,4161,,,0.790359045269016,67.78893030369673,1.3091385945988676,0.819256537510291,-0.08940639269406392,,,,
SleepEDF,A,NBeats,H,39,stage_1;stage_2;stage_3;stage_4,-0.5,0.8029767833695858,60.92857125372661,0.8120622043158915,0.8283177769021557,-0.05871794871794872,,,,
SleepEDF,A,PatchTST,none,4161,,,0.8627149196836967,74.08730195550741,1.3327770195628184,0.9171351896226702,-0.12245133381398701,,,,
SleepEDF,A,PatchTST,H,39,stage_1;stage_2;stage_3;stage_4,-0.5,0.8640426166640452,68.96527562976861,0.6871355219955172,0.9189897274753347,-0.0794871794871795,,,,
SleepEDF,A,TSMixer,none,4161,,,0.8557298630609067,73.22307972552497,1.3432366502802067,0.883714765637542,-0.13762076423936556,,,,
SleepEDF,A,TSMixer,H,39,stage_1;stage_2;stage_3;stage_4,-0.5,0.8586813787116375,69.57561691987725,0.8061922227624521,0.884460402713878,-0.061025641025641036,,,,
SleepEDF,A,TimesNet,none,4161,,,0.8557726280685679,73.16695143774078,1.3459705400465476,0.8722543355173156,-0.14465993751502043,,,,
SleepEDF,A,TimesNet,H,39,stage_1;stage_2;stage_3;stage_4,-0.5,0.87385574249441,71.62730212386217,0.8015475819025979,0.8727344293072207,-0.05230769230769231,,,,
SleepEDF,A,Transformer,none,4161,,,0.7888572756105074,67.79781981342434,1.3288345604819685,0.8273215805560504,-0.09141792838260034,,,,
SleepEDF,A,Transformer,H,39,stage_1;stage_2;stage_3;stage_4,-0.5,0.8073464699244522,61.57246948389691,0.8320798429098161,0.8318916941695002,-0.0871794871794872,,,,
DaLiA,B,Autoformer,none,4071,,,0.8434546945666832,90.02485511154212,0.8339064365019242,0.9984737313167468,-0.15364775239498896,0.023562845010615712,1.5735743286634245,0.06184955465253572,0.9535286136331178
DaLiA,B,Autoformer,F,66,activity_0;activity_1;activity_2;activity_4;activity_5;activity_6;activity_8,3.9204545454545454,0.721465072912797,89.64384720546539,0.8978504826324432,0.9991155480096134,-0.057272727272727274,0.029444444444444443,1.9493134276320536,0.05805497931096017,0.9956085366874842
DaLiA,B,Autoformer,H,36,activity_0;activity_1;activity_3;activity_5;activity_6;activity_8,-3.0,1.3049479448651036,88.89802638879128,0.7517954726436662,0.9997356105766197,-0.24833333333333327,0.028333333333333332,2.1003416456592583,0.06288500080166746,2.160521280306994
DaLiA,B,DLinear,none,4071,,,0.8214461747473071,85.3787866681753,0.5238758407493127,0.9673960008506455,-0.5249668386145909,0.02418621700879765,1.1820697212620899,0.030627949174156614,1.123935739697897
DaLiA,B,DLinear,F,66,activity_0;activity_1;activity_2;activity_4;activity_5;activity_6;activity_8,3.9204545454545454,0.7171622447358358,86.79584484550851,0.5443368280853708,0.9648673366304489,-0.2545454545454546,0.02575,1.2009107897058129,0.048257112762460364,0.6697316757316758
DaLiA,B,DLinear,H,36,activity_0;activity_1;activity_3;activity_5;activity_6;activity_8,-3.0,1.286928110742645,84.06660941373394,0.6847420303442644,0.9816388926673617,-0.4672222222222222,0.02214285714285714,3.4850818227444376,0.06319376191022218,0.8655133992991136
DaLiA,B,FITS,none,4071,,,0.8344275785183822,87.41109594814458,0.6037556950164588,0.9919100310064971,-0.30425939572586586,0.02292258064516129,1.4242831992934788,0.03720260654964941,1.708141872123157
DaLiA,B,FITS,F,66,activity_0;activity_1;activity_2;activity_4;activity_5;activity_6;activity_8,3.9204545454545454,0.7206594412825826,88.19168542723634,0.6923006818015908,0.9933631026375798,-0.03151515151515149,0.030000000000000002,1.1550947921350598,0.009042809042809043,1.2924809552149978
DaLiA,B,FITS,H,36,activity_0;activity_1;activity_3;activity_5;activity_6;activity_8,-3.0,1.2999605255078905,84.13704367265201,0.6522989982827863,0.994597644648366,-0.3388888888888889,0.022222222222222223,1.9702329514548182,0.035491506544138116,1.4369171957671958
DaLiA,B,FreMLP,none,4071,,,0.8238545838326878,85.62623289064514,0.6343341709692679,0.9665136443996248,-0.6743797592729059,0.024372192513368984,1.3821716035938358,0.03950635409842881,0.9934057042303971
DaLiA,B,FreMLP,F,66,activity_0;activity_1;activity_2;activity_4;activity_5;activity_6;activity_8,3.9204545454545454,0.7130269397340381,85.87710990735935,0.764766609715903,0.9690618112427472,-0.6987878787878788,0.02,1.2013343930954026,0.031733444042749914,0.9189275008854118
DaLiA,B,FreMLP,H,36,activity_0;activity_1;activity_3;activity_5;activity_6;activity_8,-3.0,1.291092399933247,85.28840588989446,0.6071000970667557,0.9855451433173538,-0.8411111111111113,0.0275,2.2620093918715916,0.05812172011731546,0.9041903994519127
DaLiA,B,Linear,none,4071,,,0.8228737138066213,85.51769671814874,0.5232867681408261,0.9696841277815845,-0.5403831982313927,0.024044256120527307,1.198963625794987,0.03252252741980379,1.1097673108153068
DaLiA,B,Linear,F,66,activity_0;activity_1;activity_2;activity_4;activity_5;activity_6;activity_8,3.9204545454545454,0.7155384981351337,86.37894482962668,0.5247845951686035,0.9694470942091474,-0.3306060606060607,0.02482051282051282,1.242160535384065,0.04348317804200157,1.147173868615045
DaLiA,B,Linear,H,36,activity_0;activity_1;activity_3;activity_5;activity_6;activity_8,-3.0,1.2877005982500076,82.81747093244445,0.6423547091583175,0.9815480038474621,-0.46222222222222226,0.02181818181818182,3.70220056345517,0.053471573814711064,0.9555906267645398
DaLiA,B,MICN_Mean,none,4071,,,0.8266561300021872,85.2125783218537,0.3620073932529204,0.9702542303773243,-0.6976467698354213,0.023464633629817877,1.0121456347117954,0.035912912474556906,0.6641398515645106
DaLiA,B,MICN_Mean,F,66,activity_0;activity_1;activity_2;activity_4;activity_5;activity_6;activity_8,3.9204545454545454,0.7223871799817335,86.68559033889468,0.3990789330458153,0.9779901147284829,-0.6593939393939393,0.020666666666666667,0.7668029295901457,0.04284643362183469,0.8984704637467795
DaLiA,B,MICN_Mean,H,36,activity_0;activity_1;activity_3;activity_5;activity_6;activity_8,-3.0,1.30475144587639,86.62020224819119,0.6514334535910808,0.9771436300515377,-0.9788888888888887,0.02,0.5657085478305817,0.00962236746550472,0.7261904761904763
DaLiA,B,MICN_Regre,none,4071,,,0.8191136300246569,84.1255914433377,0.4268077263981852,0.9620212401946272,-0.6245787275853598,0.022072263549415518,1.0110007559222782,0.04392782804574048,0.6663571327368714
DaLiA,B,MICN_Regre,F,66,activity_0;activity_1;activity_2;activity_4;activity_5;activity_6;activity_8,3.9204545454545454,0.7209640746269127,85.29716724603222,0.4357089902620623,0.9679443487374262,-0.5696969696969696,0.03166666666666667,0.6804897448358437,0.03486333927510398,0.8063722405045934
DaLiA,B,MICN_Regre,H,36,activity_0;activity_1;activity_3;activity_5;activity_6;activity_8,-3.0,1.2885230494806192,83.614376455637,0.5444629438574181,0.9714583672677354,-1.0599999999999998,0.026249999999999996,2.4836393985897303,0.03798362131695465,0.7398166666666667
DaLiA,B,MLinear,none,4071,,,0.8145220762276203,82.19985908661242,0.3518676880845462,0.9615459970305339,-0.6026185212478508,0.02407622739018088,1.103263256457022,0.04902419394584407,0.6640257414855053
DaLiA,B,MLinear,F,66,activity_0;activity_1;activity_2;activity_4;activity_5;activity_6;activity_8,3.9204545454545454,0.7144563718908905,87.09445594440763,0.4262010359103251,0.970830257659247,-0.5951515151515152,0.02592592592592592,0.9909257220311297,0.05657372734842479,0.9994636458779316
DaLiA,B,MLinear,H,36,activity_0;activity_1;activity_3;activity_5;activity_6;activity_8,-3.0,1.2933619627887667,86.23122547271848,0.5472160396110278,0.980576277504189,-0.7949999999999998,0.026923076923076925,2.812263123977643,0.06085575564503863,0.7713903318903319
DaLiA,B,ModernTCN,none,4071,,,0.821251674045978,84.94627316615835,0.4067903696130258,0.9582971638059398,-0.46407762220584625,0.023191751085383502,1.1334275711725614,0.05814276625072832,0.8310588922981007
DaLiA,B,ModernTCN,F,66,activity_0;activity_1;activity_2;activity_4;activity_5;activity_6;activity_8,3.9204545454545454,0.7156196317861442,85.75396164271339,0.41390482318434274,0.9599232089101836,-0.41393939393939394,0.026500000000000003,0.794916357472539,0.04483049847061481,0.7620547927250055
DaLiA,B,ModernTCN,H,36,activity_0;activity_1;activity_3;activity_5;activity_6;activity_8,-3.0,1.2892943172401776,83.65614300175145,0.43168526818806774,0.9777952863135272,-0.46444444444444444,0.0175,2.497254040837288,0.0925669773218793,0.8640460829493086
DaLiA,B,NBeats,none,4071,,,0.8216716670780475,84.50643063513697,0.41090450550220475,0.9601147288021068,-0.6296732989437485,0.02368998628257888,1.1515007986905157,0.03247812553109958,0.914740749818662
DaLiA,B,NBeats,F,66,activity_0;activity_1;activity_2;activity_4;activity_5;activity_6;activity_8,3.9204545454545454,0.7169388851696296,85.15709505620325,0.48500141806136093,0.9636423630599393,-0.48909090909090913,0.021212121212121213,0.5338940598973723,0.03108497828593522,0.9341734251411671
DaLiA,B,NBeats,H,36,activity_0;activity_1;activity_3;activity_5;activity_6;activity_8,-3.0,1.287060383052618,84.4258880976028,0.48140019977270737,0.9736881395825147,-0.8094444444444444,0.023333333333333334,2.68015227218469,0.03935130319934241,0.4555449062049062
DaLiA,B,PatchTST,none,4071,,,0.82748689297254,85.95340092796252,0.46336421716457543,0.9765560852640024,-0.49038074183247365,0.023376291079812206,1.3978546403848744,0.05831466422754691,0.861592945547351
DaLiA,B,PatchTST,F,66,activity_0;activity_1;activity_2;activity_4;activity_5;activity_6;activity_8,3.9204545454545454,0.7184627911150903,86.98042797646178,0.5245699230485771,0.9803005670603991,-0.20393939393939395,0.025833333333333333,1.6759472206714703,0.06118457330384788,0.9211913791999089
DaLiA,B,PatchTST,H,36,activity_0;activity_1;activity_3;activity_5;activity_6;activity_8,-3.0,1.293094000175247,85.25886418160302,0.44669453158257705,0.9833435465604714,-0.4855555555555556,0.023703703703703703,2.6683666252841554,0.07709679556400979,0.7560905739399698
DaLiA,B,TSMixer,none,4071,,,0.823272415618102,85.16621119568569,0.4806874584726906,0.9736480916290831,-0.6616408744780152,0.02433410138248848,1.3003020590242838,0.03663841187448707,0.9254562792822966
DaLiA,B,TSMixer,F,66,activity_0;activity_1;activity_2;activity_4;activity_5;activity_6;activity_8,3.9204545454545454,0.7160906363954423,85.8399314365854,0.5902093114835121,0.9750191984452878,-0.6278787878787879,0.022500000000000003,1.307807222733067,0.03268414461206223,0.6816907628094241
DaLiA,B,TSMixer,H,36,activity_0;activity_1;activity_3;activity_5;activity_6;activity_8,-3.0,1.2907937036939492,85.17975300797919,0.6243049404381964,0.9839041020408104,-0.9144444444444443,0.016181818181818183,1.9341867704283109,0.053418546474102026,0.7231929822314438
DaLiA,B,TimesNet,none,4071,,,0.823012912414021,84.95705128430933,0.5051528588546045,0.9699916394893398,-0.6692114959469417,0.023028322440087148,1.1870543110030842,0.02221826247621475,0.7792152110751333
DaLiA,B,TimesNet,F,66,activity_0;activity_1;activity_2;activity_4;activity_5;activity_6;activity_8,3.9204545454545454,0.7177164101156674,86.95552680549264,0.5554629235695218,0.9734147076880398,-0.6096969696969697,0.02,0.4384389979143937,0.011172329354147538,1.2989298642533935
DaLiA,B,TimesNet,H,36,activity_0;activity_1;activity_3;activity_5;activity_6;activity_8,-3.0,1.2962203176095572,84.82387749700645,0.5805104052745673,0.9796113843292333,-1.005,0.02,1.397514283657074,0.006172839506172839,0.7889708994708996
DaLiA,B,Transformer,none,4071,,,0.81817586897665,84.88739518630258,0.48992516410927933,0.9654558715264131,-0.7280864652419553,0.024634146341463412,0.8024739587283022,0.020905992138894686,0.44572951575631703
DaLiA,B,Transformer,F,66,activity_0;activity_1;activity_2;activity_4;activity_5;activity_6;activity_8,3.9204545454545454,0.7125145977708869,86.37561761475692,0.5830605696826396,0.9730278927975343,-0.6196969696969696,0.022857142857142857,0.5217353786740985,0.018762941356524246,0.35591346153846154
DaLiA,B,Transformer,H,36,activity_0;activity_1;activity_3;activity_5;activity_6;activity_8,-3.0,1.2915363846728132,87.367991687775,0.7015505796869763,0.9856024332341737,-1.1483333333333332,0.025714285714285714,1.2046033889055252,0.03093434343434344,0.2957142857142857
AFDB,B,Autoformer,none,1788,,,0.6301894532997567,89.97727782307979,1.8108795510395224,0.9935795611931698,-0.12219239373601791,0.023651639344262294,3.771188121081057,0.04150767617346865,2.726572255836986
AFDB,B,Autoformer,H,45,AF_onset,-5.0,0.8741459701805125,90.4132722460759,0.8815503904666517,0.9983551707072108,-0.3168888888888889,0.022777777777777775,4.40088010700937,0.037867659927156495,3.3024475991598945
AFDB,B,DLinear,none,1788,,,0.6354824132253651,87.57426526471532,1.334448882856282,0.9528704233643213,-0.3278411633109619,0.02313820969028544,3.4848363583309196,0.13942478982513296,0.32935421454044295
AFDB,B,DLinear,H,45,AF_onset,-5.0,0.8840601215619616,88.36221916902845,0.4126612748818998,0.9672822979674309,-0.7848888888888889,0.02441570141570142,4.295557569467883,0.1478452061835516,0.37201647027245577
AFDB,B,FITS,none,1788,,,0.6295248792807754,89.16196491383856,1.920976824406065,0.9821055468568349,-0.06257270693512305,0.024125178733913944,3.762073843216932,0.09599818702604955,0.361327042388721
AFDB,B,FITS,H,45,AF_onset,-5.0,0.8711581653068176,88.28340675555265,0.8478906144767786,0.9883359764827151,0.021777777777777764,0.025967741935483877,4.256512641345942,0.09553263079297102,0.6600493901580589
AFDB,B,FreMLP,none,1788,,,0.6322685357030796,89.14935802497187,0.9289371539945515,0.9920002419889955,-0.09686800894854586,0.023518135885059417,3.584313791354091,0.1629319874482895,0.33115982775466907
AFDB,B,FreMLP,H,45,AF_onset,-5.0,0.8795563086968092,89.80278822256051,,0.9942902794109397,0.0017777777777777497,0.024984848484848485,4.315282720220134,0.16972743351815972,0.4190236560296865
AFDB,B,Linear,none,1788,,,0.6355762502943281,87.69705694795027,1.3330977451573676,0.9544949662393345,-0.30657718120805366,0.02316560265131694,3.4820093238065746,0.14014652355566096,0.3198192253108165
AFDB,B,Linear,H,45,AF_onset,-5.0,0.8836189101680572,88.60198186643998,0.43551377199065605,0.9685435672006522,-0.6417777777777779,0.023261278195488722,4.302882264049859,0.1463511836044052,0.3916311545657262
AFDB,B,MICN_Mean,none,1788,,,0.6540311462371933,86.1726343659329,1.3542871200809359,0.7750030467075204,-0.45536912751677855,0.02379176694745287,2.762479576424423,0.11685717053629545,0.23945166385126318
AFDB,B,MICN_Mean,H,45,AF_onset,-5.0,0.9083843280536256,92.4723556214476,1.1171797025635082,0.9172088870233468,-0.5986666666666667,0.02671296296296297,3.711523138184997,0.1098634535971714,0.4142024629023081
AFDB,B,MICN_Regre,none,1788,,,0.6592614952708975,85.3559111595983,1.3278681656987987,0.7481177501313151,-0.431241610738255,0.023619296282481664,2.740704076599837,0.11981826642928699,0.21705266003162402
AFDB,B,MICN_Regre,H,45,AF_onset,-5.0,0.9101114126992342,91.51003157702748,1.2039370757474501,0.9107251963955486,-0.4706666666666667,0.025571428571428575,3.7753991279130186,0.11433958097412772,0.39613338640872175
AFDB,B,MLinear,none,1788,,,0.6258527316630963,85.01232772074681,1.8700680960037632,0.973759514082282,-0.4576733780760627,0.023750619839991823,3.395144033156843,0.12156013406911872,0.344986557122352
AFDB,B,MLinear,H,45,AF_onset,-5.0,0.8730184033703087,88.35612083959329,1.0414277131007876,0.9931076921135104,-0.5755555555555555,0.022848484848484844,4.191698923256398,0.12940018643194465,0.7227038505125191
AFDB,B,ModernTCN,none,1788,,,0.6364940364452136,84.00363987115352,1.3395595200219046,0.8990401467488971,-0.30328859060402685,0.023560081553356604,3.243551787765241,0.14900728812713382,0.2716656267366445
AFDB,B,ModernTCN,H,45,AF_onset,-5.0,0.8969146534766624,88.5735042016251,0.7305140367732184,0.9490683763616166,-0.34222222222222215,0.024333333333333335,3.9883706787040167,0.15902290897538648,0.3658257808811989
AFDB,B,NBeats,none,1788,,,0.6372911069143031,87.05095582223436,1.9687246215434613,0.8899314981389985,-0.36967561521252795,0.02421881180587251,3.308640590292251,0.10428188499470044,0.26713569817086247
AFDB,B,NBeats,H,45,AF_onset,-5.0,0.8892388459355167,88.82282037512344,1.0618935642204173,0.9267794840661178,-0.7275555555555556,0.023343434343434347,4.00811335781608,0.10217864110654726,0.45822978753845633
AFDB,B,PatchTST,none,1788,,,0.6421499487077458,86.86118142041961,1.5226445072702925,0.9300685934696153,-0.20596196868008948,0.023770677221819355,3.4132444333666627,0.15282191847806248,0.27892483045022265
AFDB,B,PatchTST,H,45,AF_onset,-5.0,0.8962462347358889,90.21838850948917,0.2782050838017345,0.9572482981635186,-0.3297777777777777,0.02505701754385965,3.933664643748156,0.14413294077874614,0.3677876529005529
AFDB,B,TSMixer,none,1788,,,0.6374560055356847,85.76406128778228,1.841892957098975,0.8966387966313979,-0.3080984340044743,0.023732711566294775,3.341134152225663,0.13032156721156066,0.2393979443276649
AFDB,B,TSMixer,H,45,AF_onset,-5.0,0.889967547433014,89.80453920953363,1.070803807631881,0.9443450579197755,-0.399111111111111,0.020876190476190475,4.251126928851008,0.1127890323039551,0.44847103215173395
AFDB,B,TimesNet,none,1788,,,0.6329486251414789,86.06325652273952,1.9071057455267382,0.9130724534204882,-0.3679082774049217,0.023681446460516228,3.173787454765302,0.10570917353284741,0.5150182198782227
AFDB,B,TimesNet,H,45,AF_onset,-5.0,0.8926334544282375,89.0416738881522,1.0410486356377668,0.9467567531752135,-0.4617777777777776,0.02297619047619048,4.202431514282667,0.08950305323587104,0.6969617865914216
AFDB,B,Transformer,none,1788,,,0.6281458948717739,88.94433768926041,2.3713783062335523,0.9921198953439689,-0.751241610738255,0.02535087719298246,3.732166863323441,0.014962304397298025,0.6515816349335082
AFDB,B,Transformer,H,45,AF_onset,-5.0,0.8735995930092039,89.91228260145098,1.1203413717069235,0.9958735475360716,-1.0248888888888887,0.030000000000000002,5.290245747193694,0.010516189463557885,1.1158684548380755
