dataset,track,synthetic_family,metric,tau,tau_ci_lo,tau_ci_hi,p_perm_gt0,rho,rho_p,n_models
BIDMC,A,Drift_Harmonic,mae,0.2571428571428572,0.1619047619047619,0.3142857142857143,0.1165,0.4535714285714285,0.08948590014302728,15
BIDMC,A,Drift_Harmonic,phase,0.40952380952380957,0.21904761904761905,0.48571428571428577,0.0255,0.5857142857142856,0.021776517619042774,15
BIDMC,A,Drift_Harmonic,freq,0.2761904761904762,0.21904761904761905,0.3523809523809524,0.0945,0.4464285714285714,0.09529321315352625,15
DaLiA,A,Drift_Harmonic,mae,0.29523809523809524,0.06666666666666668,0.37142857142857144,0.066,0.4071428571428571,0.13201266377985377,15
DaLiA,A,Drift_Harmonic,phase,0.3523809523809524,0.18095238095238098,0.4666666666666667,0.0405,0.532142857142857,0.041158580386934415,15
DaLiA,A,Drift_Harmonic,freq,0.5047619047619049,0.40952380952380957,0.5428571428571429,0.006,0.6499999999999999,0.008711583621912303,15
AFDB,A,Single_Phase_Modulation,mae,0.26666666666666666,0.09999999999999999,0.5333333333333333,0.079,0.3382352941176471,0.2000655587786896,16
AFDB,A,Single_Phase_Modulation,phase,0.48333333333333334,0.35,0.5666666666666667,0.005,0.6470588235294118,0.006742077007179868,16
AFDB,A,Single_Phase_Modulation,freq,0.4666666666666666,0.35,0.5666666666666667,0.005,0.6323529411764706,0.008577584103099355,16
AFDB,A,Dual_Phase_Modulation,mae,0.38333333333333336,0.03333333333333333,0.5,0.026,0.5176470588235293,0.04000179295956069,16
AFDB,A,Dual_Phase_Modulation,phase,0.13333333333333333,0.049999999999999996,0.35,0.2525,0.18235294117647058,0.49907485724580003,16
AFDB,A,Dual_Phase_Modulation,freq,-0.3,-0.45,-0.06666666666666667,0.954,-0.36176470588235293,0.16855882250388438,16
NSRDB,A,Single_Phase_Modulation,mae,0.3,0.16666666666666669,0.33333333333333337,0.0545,0.38235294117647056,0.14385924954389048,16
NSRDB,A,Single_Phase_Modulation,phase,0.5833333333333334,0.5,0.65,0.0,0.7470588235294118,0.0008821069929846318,16
NSRDB,A,Single_Phase_Modulation,freq,0.31666666666666665,-0.15,0.5,0.044,0.4176470588235294,0.1074740793993006,16
NSRDB,A,Dual_Phase_Modulation,mae,0.35,0.18333333333333335,0.5166666666666667,0.04,0.4764705882352941,0.062059174189226164,16
NSRDB,A,Dual_Phase_Modulation,phase,0.3,0.18333333333333335,0.3666666666666667,0.0665,0.38235294117647056,0.14385924954389048,16
NSRDB,A,Dual_Phase_Modulation,freq,0.049999999999999996,-0.3,0.6333333333333333,0.416,0.07352941176470588,0.7866792491258565,16
SleepEDF,A,Dual_Phase_Modulation,mae,0.19999999999999998,0.09999999999999999,0.25,0.144,0.27941176470588236,0.29461765356841446,16
SleepEDF,A,Dual_Phase_Modulation,phase,0.16666666666666669,0.08333333333333334,0.25,0.1845,0.23823529411764705,0.37425412972798844,16
SleepEDF,A,Dual_Phase_Modulation,freq,0.049999999999999996,-0.049999999999999996,0.33333333333333337,0.414,0.16764705882352943,0.5348568245819433,16
BIDMC,B,Drift_Harmonic,mae,0.23076923076923078,0.18681318681318684,0.3406593406593407,0.1405,0.410989010989011,0.14433266812460507,14
BIDMC,B,Drift_Harmonic,phase,0.3626373626373627,0.23076923076923078,0.45054945054945056,0.039,0.5648351648351648,0.03533018486755279,14
BIDMC,B,Drift_Harmonic,freq,0.38461538461538464,0.14285714285714285,0.6703296703296704,0.025,0.5692307692307692,0.03361941707727023,14
DaLiA,B,Drift_Harmonic,mae,0.2527472527472528,0.14285714285714285,0.3626373626373627,0.1045,0.3230769230769231,0.25987361950878973,14
DaLiA,B,Drift_Harmonic,phase,0.27472527472527475,0.07692307692307693,0.42857142857142855,0.086,0.3758241758241759,0.185410028697123,14
DaLiA,B,Drift_Harmonic,freq,0.4725274725274726,0.3406593406593407,0.5164835164835165,0.0105,0.6307692307692307,0.01557822427277127,14
AFDB,B,Single_Phase_Modulation,mae,-0.580952380952381,-0.6952380952380953,-0.2761904761904762,1.0,-0.7607142857142856,0.0009911286119823719,15
AFDB,B,Single_Phase_Modulation,phase,0.40952380952380957,-0.23857142857142857,0.580952380952381,0.0145,0.5785714285714285,0.02384665876299661,15
AFDB,B,Single_Phase_Modulation,freq,0.14285714285714288,-0.028571428571428574,0.37142857142857144,0.2415,0.175,0.5327481481378592,15
AFDB,B,Dual_Phase_Modulation,mae,-0.4666666666666667,-0.5428571428571429,-0.21904761904761905,0.997,-0.5214285714285714,0.04621923447857302,15
AFDB,B,Dual_Phase_Modulation,phase,0.2571428571428572,0.04761904761904762,0.33333333333333337,0.1045,0.2964285714285714,0.28335542843426287,15
AFDB,B,Dual_Phase_Modulation,freq,0.10476190476190476,-0.20000000000000004,0.3142857142857143,0.3285,0.15,0.5936302027425882,15
NSRDB,B,Single_Phase_Modulation,mae,-0.2571428571428572,-0.3904761904761905,-0.14285714285714288,0.918,-0.3214285714285714,0.24271904680166836,15
NSRDB,B,Single_Phase_Modulation,phase,0.1619047619047619,-0.028571428571428574,0.3142857142857143,0.2415,0.21428571428571427,0.44314093482351424,15
NSRDB,B,Single_Phase_Modulation,freq,0.23809523809523814,-0.009523809523809525,0.40952380952380957,0.1165,0.3714285714285714,0.17284974708033998,15
NSRDB,B,Dual_Phase_Modulation,mae,-0.29523809523809524,-0.3523809523809524,-0.1619047619047619,0.9425,-0.39642857142857135,0.1434945314423536,15
NSRDB,B,Dual_Phase_Modulation,phase,-0.2571428571428572,-0.4476190476190477,0.028571428571428574,0.9205,-0.36428571428571427,0.18191025904581395,15
NSRDB,B,Dual_Phase_Modulation,freq,-0.06666666666666668,-0.3142857142857143,0.4285714285714286,0.652,0.010714285714285713,0.9697698761545686,15
