dataset,track,model,n_subjects,mae_mean,mae_ci_lo,mae_ci_hi,phase_mean,phase_ci_lo,phase_ci_hi,freq_mean,freq_ci_lo,freq_ci_hi,band_power_mean,band_power_ci_lo,band_power_ci_hi,xcorr_lag_mean,xcorr_lag_ci_lo,xcorr_lag_ci_hi,peak_timing_mean,peak_timing_ci_lo,peak_timing_ci_hi,peak_amp_mean,peak_amp_ci_lo,peak_amp_ci_hi,peak_f1_mean,peak_f1_ci_lo,peak_f1_ci_hi,rr_err_mean,rr_err_ci_lo,rr_err_ci_hi
BIDMC,A,Autoformer,11,0.8669592452020445,0.8302873649338921,0.9036311254701969,91.97788525955447,88.72777044765357,95.22800007145537,0.34323027234366743,0.20907625823147277,0.47738428645586206,0.9619510149182219,0.9563773612190044,0.9675246686174394,-0.684564393939394,-0.8293783056221922,-0.5397504822565957,,,,,,,,,,,,
BIDMC,A,CSDI,11,0.8362520581671148,0.8019703985916714,0.8705337177425582,86.40862462123417,84.12794275608398,88.68930648638435,0.6819850764903405,0.5773047669711525,0.7866653860095284,0.8987381697667076,0.8852340877864268,0.9122422517469885,-0.24640151515151515,-0.3743901575575518,-0.11841287274547851,,,,,,,,,,,,
BIDMC,A,DLinear,11,0.8926055772339272,0.8580593867639452,0.9271517677039092,92.01751238370531,88.03468249628503,96.00034227112559,0.2663281362525947,0.1275547522743355,0.40510152023085394,0.8900448863841145,0.8708900257070692,0.9091997470611598,-0.11865530303030303,-0.4342888843899755,0.19697827832936943,,,,,,,,,,,,
BIDMC,A,FITS,11,0.8827445218741654,0.8446593704666874,0.9208296732816434,91.52169942356103,87.33951588046763,95.70388296665443,0.19115955992146683,0.10958507828493023,0.2727340415580034,0.9057311835957951,0.881901500137752,0.9295608670538381,-0.24820075757575755,-0.5195546726586822,0.02315315750716701,,,,,,,,,,,,
BIDMC,A,FreMLP,11,0.8614961786568606,0.8268637520647747,0.8961286052489464,91.07418913257632,88.08664420632093,94.06173405883172,0.413848572618741,0.15701256589747437,0.6706845793400076,0.96398096412597,0.9588471948044711,0.9691147334474689,-0.0456439393939394,-0.2570043271785218,0.16571644839064298,,,,,,,,,,,,
BIDMC,A,Linear,11,0.8960631421111945,0.860832722222906,0.9312935619994831,92.73387933576744,88.66332345230306,96.80443521923182,0.2639927546679784,0.11814754302548297,0.4098379663104738,0.8896036335644862,0.8684772714614375,0.910729995667535,-0.15246212121212122,-0.4579802400239048,0.15305599759966237,,,,,,,,,,,,
BIDMC,A,MICN_Mean,11,0.6809058093092907,0.5752474470134782,0.7865641716051032,58.002322134919716,42.011645740946875,73.99299852889256,0.08087271369228916,0.016715115214371967,0.14503031217020634,0.5480279830546236,0.4539476571206607,0.6421083089885866,-0.18977272727272732,-0.528502150473419,0.14895669592796434,,,,,,,,,,,,
BIDMC,A,MICN_Regre,11,0.680019652732775,0.5753037444342644,0.7847355610312856,58.06277448139506,42.24111577556057,73.88443318722955,0.07979645606632808,0.015770942985811387,0.14382196914684478,0.552247954732931,0.4583621411101641,0.6461337683556978,-0.16117424242424244,-0.509357469482308,0.18700898463382304,,,,,,,,,,,,
BIDMC,A,MLinear,11,0.8496365668945777,0.8136279621858362,0.8856451716033191,90.76425724432012,89.43556369436435,92.0929507942759,0.7586957521232839,0.4429490545107822,1.0744424497357856,0.9957066581826036,0.9953258827826814,0.9960874335825258,-0.034375,-0.182437876735432,0.11368787673543197,,,,,,,,,,,,
BIDMC,A,ModernTCN,11,0.6649718898906576,0.5546666379047551,0.77527714187656,56.12808429343949,39.271162867822454,72.98500571905653,0.09559344100537169,0.023938591182576047,0.16724829082816733,0.5589350117682291,0.4340767430851157,0.6837932804513426,-0.16884469696969698,-0.3506759172171573,0.012986523277763368,,,,,,,,,,,,
BIDMC,A,NBeats,11,0.6600193596861376,0.5360482780129168,0.7839904413593584,58.03534144091247,39.04652870861564,77.0241541732093,0.10492273353552073,0.029220511938314805,0.18062495513272664,0.5920247896019757,0.45815819167335925,0.7258913875305921,-0.047159090909090935,-0.2995761000523357,0.20525791823415385,,,,,,,,,,,,
BIDMC,A,PatchTST,11,0.6647102958659852,0.5641807199032015,0.7652398718287688,56.91190746884445,38.02884214503402,75.79497279265487,0.09978175737763677,0.029117182863657262,0.1704463318916163,0.7654745801223193,0.6936594307383397,0.8372897295062989,-0.006250000000000023,-0.3136995120024677,0.30119951200246764,,,,,,,,,,,,
BIDMC,A,TSMixer,11,0.855375748644419,0.8199283515310446,0.8908231457577934,91.38837670239265,89.41458485676642,93.36216854801887,0.8782128808688003,0.5990687311310893,1.1573570306065113,0.9844351578887923,0.9824297488678806,0.986440566909704,-0.1607007575757576,-0.31244108510026636,-0.008960430051248885,,,,,,,,,,,,
BIDMC,A,TimesNet,11,0.6742419893477548,0.5722879299486703,0.7761960487468393,59.13337689998464,42.65931407275998,75.6074397272093,0.13622571629825939,0.05345665943855639,0.2189947731579624,0.6493794666425765,0.5330155349616882,0.7657433983234648,-0.3247159090909091,-0.3899755912339198,-0.2594562269478984,,,,,,,,,,,,
BIDMC,A,Transformer,11,0.7407823531485005,0.6883290120196673,0.7932356942773336,72.68721243995462,63.5408160631004,81.83360881680885,0.12457945084743831,0.0493812296953543,0.19977767199952232,0.7550149099653392,0.6370192717731435,0.8730105481575348,-0.6515151515151515,-0.7353512127716956,-0.5676790902586074,,,,,,,,,,,,
DaLiA,A,Autoformer,3,0.8809131426118846,0.5468956135337699,1.2149306716899992,89.6676694445161,89.30421781169393,90.03112107733826,0.6051420244082907,0.5264016453622175,0.6838824034543639,0.9972178448636698,0.9948311629908153,0.9996045267365243,-0.37130573100144604,-0.42761095289223955,-0.3150005091106525,,,,,,,,,,,,
DaLiA,A,CSDI,3,0.8693353274117531,0.5415163357911082,1.197154319032398,86.2159129024916,86.01497265944522,86.41685314553797,0.3413933318252853,0.3113722040911586,0.371414459559412,0.9488492990967049,0.9442863239979246,0.9534122741954852,-0.39069058713445176,-0.4275279155934045,-0.35385325867549905,,,,,,,,,,,,
DaLiA,A,DLinear,3,0.860041568432233,0.535703825465756,1.18437931139871,85.07864775096657,83.83906003005318,86.31823547187996,0.45655754471413995,0.39119442507129293,0.521920664356987,0.9630869477062766,0.9555542849572133,0.9706196104553398,-0.6475246262275159,-0.7253235218764343,-0.5697257305785975,,,,,,,,,,,,
DaLiA,A,FITS,3,0.8739242369904564,0.5427207539434351,1.2051277200374777,86.61400488442506,85.68238625760083,87.54562351124929,0.5774207453280461,0.5108238114806136,0.6440176791754786,0.9831643853643834,0.9785434968319433,0.9877852738968236,-0.3493016879129802,-0.4011066030519618,-0.29749677277399866,,,,,,,,,,,,
DaLiA,A,FreMLP,3,0.8647287957488783,0.540651387843756,1.1888062036540006,84.86482425006835,83.66011657351288,86.06953192662382,0.4127763880608282,0.366053193045864,0.4594995830757925,0.9570208192816222,0.9446643807751932,0.9693772577880512,-0.5617616102798872,-0.6176625331886526,-0.5058606873711219,,,,,,,,,,,,
DaLiA,A,Linear,3,0.863437836597951,0.5371643212310703,1.189711351964832,85.55807253784285,84.24784180251648,86.86830327316922,0.4440042476661381,0.3817910119487892,0.5062174833834869,0.9685442215253746,0.9608574663267265,0.9762309767240226,-0.6499631143847462,-0.7064421887671828,-0.5934840400023096,,,,,,,,,,,,
DaLiA,A,MICN_Mean,3,0.858745206799936,0.5372261199425716,1.1802642936573005,83.2116616983324,81.42556936036368,84.99775403630113,0.3073355214680727,0.2648252323750675,0.3498458105610779,0.9422884356583853,0.9338682995250538,0.9507085717917167,-0.6497796643232369,-0.7102557656069145,-0.5893035630395592,,,,,,,,,,,,
DaLiA,A,MICN_Regre,3,0.857243221277623,0.5363722939292541,1.1781141486259918,83.14366169181775,81.4108936602777,84.87642972335782,0.3118565393134605,0.27319317800988624,0.3505199006170348,0.9417258877347122,0.9345883838648475,0.9488633916045769,-0.6283798358891232,-0.6723709401897463,-0.5843887315885,,,,,,,,,,,,
DaLiA,A,MLinear,3,0.8527852475829211,0.5329943262385233,1.1725761689273189,81.55039986312939,79.45238072929698,83.6484189969618,0.31920930639549566,0.26596941656229794,0.3724491962286934,0.9574262274237296,0.9536942686081616,0.9611581862392976,-0.6266150955527924,-0.6583275681609315,-0.5949026229446532,,,,,,,,,,,,
DaLiA,A,ModernTCN,3,0.861561412374405,0.5401026356756926,1.1830201890731173,84.32770248998419,82.99566116836277,85.65974381160561,0.37110317824136274,0.33077337284137953,0.41143298364134595,0.9574249292585666,0.9445507570321784,0.9702991014849548,-0.49198798168539826,-0.5865728747782707,-0.3974030885925259,,,,,,,,,,,,
DaLiA,A,NBeats,3,0.8613786953982747,0.5380312115600008,1.1847261792365487,84.33605450707186,83.1496792325443,85.52242978159943,0.3843816284537511,0.33319671057017075,0.4355665463373315,0.9547154217023514,0.945505712639058,0.9639251307656447,-0.6738871259388515,-0.7070126542061348,-0.6407615976715682,,,,,,,,,,,,
DaLiA,A,PatchTST,3,0.8578423826845891,0.5356978815211717,1.1799868838480065,82.92023326169935,81.49238910162171,84.34807742177699,0.3258099036988729,0.2834028155163786,0.36821699188136725,0.963250650799886,0.9594629734022065,0.9670383281975655,-0.5728685740355196,-0.6297863635710306,-0.5159507845000086,,,,,,,,,,,,
DaLiA,A,TSMixer,3,0.8600996746959835,0.53655346044847,1.1836458889434969,84.45807486525592,83.25958901957489,85.65656071093696,0.38019317422076665,0.33574763020082404,0.42463871824070926,0.9628707476050747,0.9556208452170769,0.9701206499930726,-0.6642286538764434,-0.6867328361781091,-0.6417244715747776,,,,,,,,,,,,
DaLiA,A,TimesNet,3,0.8580848847067384,0.5359839684141872,1.1801858009992896,83.61768106951833,82.08709718553915,85.1482649534975,0.36724501740019316,0.30968196331522574,0.4248080714851606,0.9502549300938831,0.9445969377412698,0.9559129224464963,-0.6933280774247227,-0.7020021283740071,-0.6846540264754383,,,,,,,,,,,,
DaLiA,A,Transformer,3,0.8586387770913188,0.534018582143069,1.1832589720395685,84.58623358300493,83.98068406210307,85.19178310390679,0.3905981328272609,0.3596474184309973,0.42154884722352454,0.959850492170947,0.9571379411542201,0.9625630431876738,-0.7885216061534016,-0.8117181774281301,-0.7653250348786731,,,,,,,,,,,,
AFDB,A,Autoformer,4,0.8331901409599539,0.730656759832387,0.9357235220875209,90.15496686857747,89.29336708932122,91.01656664783373,0.9423422622764074,0.8144215648119002,1.0702629597409146,0.9936050412082919,0.9914791301617463,0.9957309522548374,-0.4531892767335805,-0.5451073597111216,-0.36127119375603944,,,,,,,,,,,,
AFDB,A,CSDI,4,0.8305223201738953,0.7266658317399012,0.9343788086078894,89.95044051257308,89.8458222920958,90.05505873305036,1.4037269488939765,1.3553604613515198,1.4520934364364333,0.9892766391303008,0.9872273717633111,0.9913259064972906,0.0341971592050706,0.012552405155249757,0.055841913254891434,,,,,,,,,,,,
AFDB,A,DLinear,4,0.8252770310913466,0.7207581947042738,0.9297958674784195,86.91625922510845,84.73666427764472,89.09585417257217,0.7203014264719266,0.6366196554937533,0.8039831974500999,0.9536139811229077,0.9469605524071176,0.9602674098386978,-0.3383435431774039,-0.5851650727139522,-0.09152201364085555,,,,,,,,,,,,
AFDB,A,FITS,4,0.8312612766726492,0.7280711839432223,0.934451369402076,88.91790073114002,84.91936028459017,92.91644117768988,0.7255918963480256,0.5920347308356275,0.8591490618604236,0.9799347974460342,0.9774397371594886,0.9824298577325797,-0.006477242284204314,-0.17827382873632922,0.16531934416792057,,,,,,,,,,,,
AFDB,A,FreMLP,4,0.7979511173973648,0.6898621865271899,0.9060400482675397,75.32708512511988,67.4838993385469,83.17027091169285,0.62042443334489,0.5230274470443647,0.7178214196454152,0.8139324046768215,0.7786585424545109,0.849206266899132,-0.4272202852819941,-0.5613748758257844,-0.2930656947382038,,,,,,,,,,,,
AFDB,A,Linear,4,0.827572580332716,0.7233912430513778,0.9317539176140541,87.3277940756713,85.3068506647863,89.34873748655632,0.7071149768862623,0.6234284602790249,0.7908014934934998,0.9599080473576694,0.9552401072975566,0.9645759874177823,-0.3258738302250961,-0.578995259458098,-0.07275240099209407,,,,,,,,,,,,
AFDB,A,MICN_Mean,4,0.7798596677001212,0.6656086478366907,0.8941106875635516,72.99734187680096,62.79434151169633,83.20034224190559,0.506960421876922,0.3165897421438084,0.6973311016100356,0.8026210595476544,0.7559771761384328,0.8492649429568759,-0.3427732912305697,-0.5374706058087944,-0.1480759766523451,,,,,,,,,,,,
AFDB,A,MICN_Regre,4,0.7758520508526516,0.6614824542236433,0.89022164748166,72.76595074920142,62.26780558434093,83.26409591406193,0.4926030527591419,0.31294166066476325,0.6722644448535205,0.8118654754794613,0.7693013253123364,0.8544296256465862,-0.3297204641350211,-0.5120973152295427,-0.14734361304049942,,,,,,,,,,,,
AFDB,A,MLinear,4,0.7839988134784984,0.6744459575433337,0.8935516694136632,75.0150274520799,66.98797830838978,83.04207659577003,0.6152775001432605,0.4959570419447801,0.734597958341741,0.9295524152686132,0.9020468563223429,0.9570579742148835,-0.45004933299237093,-0.5813547123267375,-0.3187439536580044,,,,,,,,,,,,
AFDB,A,ModernTCN,4,0.7730881914248441,0.6624868825791573,0.8836895002705308,71.71432762536897,61.897289048231634,81.53136620250629,0.49800999890233055,0.36147398943584774,0.6345460083688134,0.7843749776967955,0.7187407341102178,0.8500092212833733,-0.3821324532242254,-0.4469528588134299,-0.3173120476350209,,,,,,,,,,,,
AFDB,A,NBeats,4,0.8079240755717431,0.7047590818404572,0.9110890693030289,75.9888484513424,66.93929028869256,85.03840661399225,0.6695658180595274,0.5507614746712318,0.788370161447823,0.8123723983953458,0.7732951937073473,0.8514496030833443,-0.39835745565967084,-0.4942296749043768,-0.3024852364149649,,,,,,,,,,,,
AFDB,A,PatchTST,4,0.7813964588863699,0.6705538636889183,0.8922390540838214,73.4143813029359,62.20803891363312,84.62072369223867,0.5421091775692916,0.4253264496912669,0.6588919054473162,0.8941898835317892,0.8668891730801361,0.9214905939834422,-0.35193999595107195,-0.40823109562163246,-0.29564889628051144,,,,,,,,,,,,
AFDB,A,TSMixer,4,0.8162315094767207,0.7104624926693812,0.9220005262840603,84.1645304480957,81.21023072857437,87.11883016761703,0.7293381168234895,0.6073981026800822,0.8512781309668968,0.9523686003835217,0.934908824968456,0.9698283757985874,-0.43296977840490497,-0.5886092405724981,-0.27733031623731186,,,,,,,,,,,,
AFDB,A,TimesNet,4,0.7965868993163695,0.6914993703300596,0.9016744283026794,75.82527626785567,67.97269620783254,83.6778563278788,0.5591530749645373,0.4220693439822148,0.6962368059468598,0.8526331760336235,0.8172253449673608,0.8880410070998863,-0.40549261831698535,-0.4425145050842965,-0.3684707315496742,,,,,,,,,,,,
AFDB,A,Transformer,4,0.8333466184397491,0.7300351353071056,0.9366581015723926,82.28476475231302,75.42289592871539,89.14663357591066,0.7189542442879991,0.5160569804095003,0.921851508166498,0.8626884417781783,0.8052305553092366,0.92014632824712,-0.3944097545679824,-0.5762564368891587,-0.212563072246806,,,,,,,,,,,,
NSRDB,A,Autoformer,6,0.796278533734233,0.6811443437789729,0.911412723689493,89.87292592361412,89.37859540470083,90.3672564425274,0.4698037909403236,0.31896062073540066,0.6206469611452465,0.9897265845292095,0.9862824919000082,0.9931706771584108,-0.6758333333333333,-0.7453168550004505,-0.606349811666216,,,,,,,,,,,,
NSRDB,A,CSDI,6,0.7941903866022222,0.6817937793304228,0.9065869938740215,89.19343978675504,88.6523830936269,89.73449647988318,1.1858690956394653,1.076600658086262,1.2951375331926687,0.9603872239482413,0.9514848820002335,0.969289565896249,-0.216141975308642,-0.25740065471218165,-0.17488329590510235,,,,,,,,,,,,
NSRDB,A,DLinear,6,0.8010056966588296,0.6910638599489158,0.9109475333687433,87.75108349870686,85.57545167316107,89.92671532425265,0.2431972501404465,0.14915530797647802,0.33723919230441496,0.9201392936629603,0.9140281882076137,0.926250399118307,-0.44268518518518524,-0.579459523737153,-0.30591084663321744,,,,,,,,,,,,
NSRDB,A,FITS,6,0.7964116809266413,0.6833490252948975,0.909474336558385,87.97912203782782,86.39586857527357,89.56237550038207,0.2493324404491943,0.17079974258953956,0.32786513830884906,0.967264843982692,0.9630755837314985,0.9714541042338855,-0.20765432098765432,-0.3340840926007106,-0.08122454937459808,,,,,,,,,,,,
NSRDB,A,FreMLP,6,0.76604829862727,0.658542200113476,0.873554397141064,80.8731341397838,78.9227143100335,82.8235539695341,0.25254863385536225,0.1503835084873266,0.3547137592233979,0.8868224530784237,0.8764412035396024,0.8972037026172449,-0.481358024691358,-0.5750123008205391,-0.38770374856217693,,,,,,,,,,,,
NSRDB,A,Linear,6,0.8022303791796812,0.6920548086515244,0.9124059497078381,88.14596587113272,85.84839041587607,90.44354132638937,0.2363297024557798,0.1465045146940105,0.3261548902175491,0.9255279148144884,0.9202276000094827,0.9308282296194941,-0.4483333333333334,-0.5835514005130387,-0.31311526615362817,,,,,,,,,,,,
NSRDB,A,MICN_Mean,6,0.7618168799843863,0.65221983362746,0.8714139263413125,80.24731120486204,77.6869827876184,82.80763962210568,0.23679822659068217,0.12208528206822411,0.35151117111314023,0.8193675140516103,0.7846862806564795,0.8540487474467412,-0.5657098765432099,-0.6793310601174245,-0.4520886929689954,,,,,,,,,,,,
NSRDB,A,MICN_Regre,6,0.7632662256944552,0.6522867241963823,0.8742457271925281,79.67775212767863,77.15460645075109,82.20089780460617,0.24115165295920407,0.1272063970515921,0.35509690886681605,0.8039222240411686,0.7732544370188286,0.8345900110635087,-0.5238271604938272,-0.6425528086442179,-0.4051015123434364,,,,,,,,,,,,
NSRDB,A,MLinear,6,0.7558594364605252,0.6487714471644203,0.8629474257566302,80.39271560129153,77.62269258355596,83.1627386190271,0.2204843663292251,0.11920617406443257,0.32176255859401764,0.9415737855035443,0.9261667516772484,0.9569808193298402,-0.5771604938271605,-0.6956464778750228,-0.45867450977929825,,,,,,,,,,,,
NSRDB,A,ModernTCN,6,0.7709480671449406,0.6629206018321183,0.8789755324577628,83.09467173399581,81.31585715766956,84.87348631032206,0.2446357301150531,0.14867724292744922,0.340594217302657,0.9278063843673533,0.9160050847350277,0.9396076839996789,-0.4492901234567901,-0.5275240048694109,-0.3710562420441693,,,,,,,,,,,,
NSRDB,A,NBeats,6,0.7657084010664478,0.6592687695702127,0.8721480325626828,82.52912804153682,80.1509831844697,84.90727289860395,0.23395196472761828,0.13332442240277204,0.33457950705246453,0.9140183201199018,0.8955490789474739,0.9324875612923297,-0.5003395061728396,-0.5876881057122002,-0.4129909066334791,,,,,,,,,,,,
NSRDB,A,PatchTST,6,0.7554565219036787,0.6453063613353369,0.8656066824720205,79.09195703987923,76.12003237517342,82.06388170458504,0.20905394738342653,0.1190276868506359,0.29908020791621714,0.9322929824520748,0.9174834931509545,0.9471024717531952,-0.49379629629629623,-0.6141872228107731,-0.3734053697818194,,,,,,,,,,,,
NSRDB,A,TSMixer,6,0.7706041298416207,0.6645952817149672,0.8766129779682743,84.06038376647298,81.46413954146794,86.65662799147802,0.24438289423082452,0.14518729008660086,0.34357849837504817,0.9388765581888322,0.9244280580435494,0.953325058334115,-0.5641666666666666,-0.6509313035106932,-0.47740202982264,,,,,,,,,,,,
NSRDB,A,TimesNet,6,0.7601245789180676,0.6524559394961236,0.8677932183400117,81.0482020014055,78.485569073467,83.610834929344,0.23629156114950714,0.13369568822151817,0.3388874340774961,0.8951348185062615,0.8724785058452386,0.9177911311672845,-0.5765432098765432,-0.6457566506043491,-0.5073297691487373,,,,,,,,,,,,
NSRDB,A,Transformer,6,0.8017837863976373,0.6887251759050351,0.9148423968902394,88.50977609483785,87.22451758292898,89.79503460674671,0.35630448384621954,0.27357435654133655,0.43903461115110254,0.9407094690888432,0.9232503259111506,0.9581686122665358,-0.7627777777777779,-0.8018998425084167,-0.723655713047139,,,,,,,,,,,,
SleepEDF,A,Autoformer,7,1.040239571496992,0.9136238438002761,1.1668552991937082,87.60835899715245,86.69368023435749,88.52303775994741,1.5458089183328239,1.236005860702929,1.8556119759627188,0.9204139693926595,0.9128661331923138,0.9279618055930052,-0.0386452380952381,-0.05458453873977821,-0.022705937450697985,,,,,,,,,,,,
SleepEDF,A,CSDI,7,0.8114850269924023,0.7240516835051641,0.8989183704796405,72.67208305688452,69.44476638890833,75.8993997248607,1.2794866327030356,0.9023046745640815,1.6566685908419898,0.827409704599477,0.807531519198207,0.8472878900007471,-0.08606666666666665,-0.09687217352745382,-0.07526115980587948,,,,,,,,,,,,
SleepEDF,A,DLinear,7,0.7830474837682181,0.698260697851145,0.8678342696852912,67.09550913128884,63.433357744837785,70.75766051773988,1.3316641006842265,0.933974519598473,1.72935368176998,0.8199851738683693,0.7947274859036074,0.8452428618331312,-0.10809761904761905,-0.12273174651784477,-0.09346349157739334,,,,,,,,,,,,
SleepEDF,A,FITS,7,0.8841383037278557,0.7815609902526511,0.9867156172030603,76.13765713039129,73.42338287928008,78.8519313815025,1.2638661573518488,0.8856307676417727,1.642101547061925,0.933353468206181,0.9289303062728246,0.9377766301395375,-0.037235714285714296,-0.05336288832577843,-0.021108540245650162,,,,,,,,,,,,
SleepEDF,A,FreMLP,7,0.7867567489334426,0.7014728687402955,0.8720406291265898,67.60536871732077,63.97725853300236,71.23347890163917,1.3277376121010196,0.9366604129142075,1.7188148112878316,0.8180835281600256,0.7931170002243504,0.8430500560957008,-0.09614761904761904,-0.10824133921171278,-0.0840538988835253,,,,,,,,,,,,
SleepEDF,A,Linear,7,0.7849223278191892,0.6998315747856136,0.8700130808527649,67.32551401786299,63.65076258339015,71.00026545233582,1.341675814979689,0.9413862899364198,1.7419653400229582,0.822774659802868,0.7982709209591484,0.8472783986465876,-0.10749285714285715,-0.12053147398042996,-0.09445424030528435,,,,,,,,,,,,
SleepEDF,A,MICN_Mean,7,0.8787332656626862,0.7761352662575869,0.9813312650677855,77.56576519908936,75.81754444584357,79.31398595233514,1.3058354794451807,0.9099112758045824,1.701759683085779,0.8912780173701188,0.8807688368240061,0.9017871979162315,-0.19262619047619048,-0.2043198595832409,-0.18093252136914006,,,,,,,,,,,,
SleepEDF,A,MICN_Regre,7,0.7818469231866783,0.6968784597346873,0.8668153866386692,67.0130064374043,63.46345124721787,70.56256162759074,1.3202627534163844,0.9223123024669861,1.7182132043657827,0.8088860597425648,0.7862600050844316,0.8315121144006979,-0.10642142857142857,-0.11724334405190923,-0.09559951309094791,,,,,,,,,,,,
SleepEDF,A,MLinear,7,0.7860019757407962,0.69995381460222,0.8720501368793725,67.68842530284992,64.12948616538337,71.24736444031647,1.3248572818867166,0.9301137813682586,1.7196007824051747,0.8502756463519571,0.8277044561434076,0.8728468365605065,-0.09591666666666666,-0.10783380386949819,-0.08399952946383514,,,,,,,,,,,,
SleepEDF,A,ModernTCN,7,0.7855934335132859,0.7005761223947617,0.8706107446318101,67.43762827775356,63.82842354898617,71.04683300652094,1.324418642784913,0.9305140336813196,1.7183232518885063,0.8366203343416503,0.8146766211730244,0.8585640475102762,-0.09237380952380954,-0.10520647649640841,-0.07954114255121067,,,,,,,,,,,,
SleepEDF,A,NBeats,7,0.7904762099799499,0.7038836363777737,0.8770687835821261,67.72522696966129,64.06854185884407,71.38191208047851,1.3045228852605255,0.9131592734974419,1.6958864970236092,0.8193406775903584,0.7925150465240227,0.8461663086566942,-0.08912142857142857,-0.10229465132175165,-0.0759482058211055,,,,,,,,,,,,
SleepEDF,A,PatchTST,7,0.8627272482985143,0.7627608174707021,0.9626936791263265,74.03974028248271,71.18153665619991,76.89794390876551,1.3267817770854078,0.9377080061848574,1.7158555479859583,0.917152410331302,0.9094629887764641,0.9248418318861399,-0.12205238095238094,-0.13704654773915603,-0.10705821416560585,,,,,,,,,,,,
SleepEDF,A,TSMixer,7,0.8557572699919493,0.7575661201936076,0.9539484197902911,73.18921042804395,70.27823148576267,76.10018937032523,1.3382498091675417,0.9322726459035529,1.7442269724315305,0.8837216894103935,0.8711458776305148,0.8962975011902723,-0.1369095238095238,-0.15417077313987193,-0.11964827447917564,,,,,,,,,,,,
SleepEDF,A,TimesNet,7,0.8559405427025222,0.757703323014844,0.9541777623902004,73.1526546941119,70.17733252524681,76.127976862977,1.3409151840066396,0.9328763965879867,1.7489539714252924,0.8722587935310789,0.8569650916783911,0.8875524953837668,-0.14380238095238096,-0.15904504545164214,-0.12855971645311978,,,,,,,,,,,,
SleepEDF,A,Transformer,7,0.7890289609862798,0.7035649311109361,0.8744929908616236,67.74001298893586,64.05804093651794,71.42198504135378,1.3243761373398546,0.9166030682297466,1.7321492064499626,0.8273640173253182,0.8033357088510373,0.851392325799599,-0.09137857142857142,-0.10383323974269423,-0.07892390311444861,,,,,,,,,,,,
BIDMC,B,Autoformer,11,0.8508507338910344,0.8145194803376733,0.8871819874443955,89.77339330605663,87.84127879009117,91.7055078220221,0.3144107151387189,0.19585255902608673,0.43296887125135103,0.9863630239196685,0.9842966456951551,0.9884294021441818,0.003598484848484841,-0.16834246171865766,0.17553943141562736,0.024691414658824472,0.02290215636836333,0.026480672949285616,1.4753500749298958,1.2810276525083768,1.6696724973514148,0.0644888790524726,0.0541199920694948,0.07485776603545038,1.8089353632477982,1.4588345109692802,2.1590362155263163
BIDMC,B,DLinear,11,0.8898358560959939,0.8574786791308824,0.9221930330611054,92.40910954878446,89.81353277561756,95.00468632195135,0.11520333318010482,0.057673535857144624,0.17273313050306505,0.9556043307990604,0.9466198734723107,0.9645887881258101,-0.16149621212121212,-0.5160217455391465,0.19302932129672223,0.02420717108192939,0.023522166507790078,0.024892175656068702,1.1819528506544736,1.0453065150060667,1.3185991863028805,0.15436357854339933,0.13901947404316473,0.16970768304363393,0.23634287448038227,0.143116350618141,0.32956939834262355
BIDMC,B,FITS,11,0.877415810521681,0.8416884938225812,0.913143127220781,91.28792624789871,87.19043967804363,95.38541281775379,0.1915762606092004,0.10419253268718126,0.27895998853121956,0.9106379473091365,0.8880523580797623,0.9332235365385106,-0.29409090909090907,-0.5400458859565387,-0.0481359322252794,0.026469323411867963,0.023953437304671806,0.02898520951906412,1.387556170508862,1.246088159905072,1.529024181112652,0.10278438352669826,0.061809426859290154,0.14375934019410636,0.19074455719221597,0.11446579086856229,0.26702332351586966
BIDMC,B,FreMLP,11,0.852418876679022,0.8191075458265012,0.8857302075315429,89.71357066578388,86.29685115586865,93.1302901756991,0.23621238750039383,-0.05358542565488397,0.5260102006556715,0.9902485544682379,0.9882940787499446,0.9922030301865312,-0.2898674242424243,-0.5310816964302317,-0.048653152054616816,0.02401120652180321,0.023432018962463372,0.024590394081143045,1.4652108935851451,1.3249489101246936,1.6054728770455966,0.16499068027897784,0.14570463534114045,0.18427672521681523,0.25746901022144625,0.16687783976085738,0.34806018068203515
BIDMC,B,Linear,11,0.8963194304104085,0.8636340665516624,0.9290047942691546,92.52795411686711,89.03489065338933,96.02101758034489,0.1899622053978824,0.062095769952004304,0.3178286408437605,0.9376111822767617,0.9264971676472833,0.94872519690624,-0.23844696969696974,-0.62012625714559,0.14323231775165055,0.023577109104868276,0.022814922394317226,0.024339295815419326,1.1378483662344365,0.9934837348522962,1.2822129976165768,0.1517698717428192,0.13335166230487944,0.17018808118075895,0.2131722811863206,0.11863575959276036,0.30770880277988083
BIDMC,B,MICN_Mean,11,0.669005879116217,0.5750292536301782,0.7629825046022558,57.692827675470134,42.152425504678206,73.23322984626206,0.08942411947209344,0.00602013786798461,0.17282810107620228,0.6210114942293171,0.4970410732493392,0.744981915209295,-0.15806818181818186,-0.3527884035248807,0.036652039888517035,0.02222846715255995,0.02105321889508044,0.02340371541003946,0.7338043827276394,0.5284252871494628,0.9391834783058159,0.36152876644975945,0.2490777444781465,0.4739797884213724,0.12235337080410638,0.04446518239908273,0.20024155920913003
BIDMC,B,MICN_Regre,11,0.6677666151053914,0.5735685383099971,0.7619646919007856,57.612548072843715,42.01767306698587,73.20742307870157,0.08700969498704295,0.008141796266617998,0.1658775937074679,0.6211124388467462,0.4951118815119834,0.747112996181509,-0.13445075757575758,-0.3237688833481795,0.05486736819666432,0.022546041961207554,0.021391343360171247,0.02370074056224386,0.7184234199809588,0.5154147886475464,0.9214320513143712,0.3575446293595422,0.2447036484643661,0.47038561025471826,0.1226207637810865,0.043839793562482604,0.20140173399969039
BIDMC,B,MLinear,11,0.7861289545726025,0.7518550911879478,0.8204028179572571,80.53968077298208,73.6551440217534,87.42421752421076,0.12999769143637074,0.06604652269090196,0.19394886018183954,0.9229968757935783,0.8860187335395261,0.9599750180476304,-0.1254166666666667,-0.27345052769211253,0.022617194358779125,0.0239818428538292,0.023336839003363526,0.024626846704294877,1.4444751804340341,1.312309261173004,1.5766410996950642,0.21356347437611056,0.16371288748246118,0.26341406126975997,0.23438641273487446,0.15172666310983698,0.3170461623599119
BIDMC,B,ModernTCN,11,0.648306090129049,0.5403291446037246,0.7562830356543735,55.637453626630034,39.08912855181316,72.1857787014469,0.0912829415463459,0.02090836602321089,0.16165751706948092,0.5658752208971181,0.43029731659566645,0.7014531251985696,-0.09501893939393939,-0.26626844861082677,0.076230569822948,0.023427195430568874,0.022311255155742716,0.02454313570539503,0.6324092228706902,0.4971403716787487,0.7676780740626318,0.38255765497149524,0.2443367209098184,0.5207785890331721,0.1224835793189454,0.039579993247800774,0.20538716539009
BIDMC,B,NBeats,11,0.6857411235207493,0.5785418931298661,0.7929403539116325,60.53650983345154,42.4089040709108,78.66411559599229,0.1271363004346127,0.03474105904198872,0.21953154182723666,0.6458052482218438,0.5300881642442479,0.7615223321994398,-0.03600378787878788,-0.2516581679426424,0.17965059218506665,0.0237706572367954,0.022588620562518404,0.024952693911072396,0.8116385370670756,0.5883227532555968,1.0349543208785543,0.3158155759214606,0.19129622588616108,0.4403349259567601,0.11725309537484883,0.038171187155516095,0.19633500359418157
BIDMC,B,PatchTST,11,0.7252725754556814,0.6520494011655499,0.7984957497458128,63.27662697770811,47.72508699885949,78.82816695655673,0.13229033478332927,0.04285493985481427,0.2217257297118443,0.8111515804844064,0.7616862617042444,0.8606168992645684,-0.06306818181818184,-0.3507070313859121,0.22457066774954837,0.02231354749007671,0.020830402476503546,0.023796692503649877,1.034440352340467,0.8554336117996655,1.2134470928812686,0.3353771408049374,0.21517940440701233,0.4555748772028625,0.12861012342415035,0.047264602258178315,0.2099556445901224
BIDMC,B,TSMixer,11,0.6890848042357047,0.5884692197890279,0.7897003886823816,62.01001937670421,43.599794410326055,80.42024434308236,0.11928526104790378,0.035808380661823694,0.20276214143398386,0.7054365675859955,0.5945714236913756,0.8163017114806154,-0.0837878787878788,-0.29581967241064433,0.12824391483488673,0.024414293554573228,0.022650028241744665,0.02617855886740179,0.8709265995112911,0.6356962502278225,1.1061569487947598,0.31902306206226955,0.18747729325201812,0.450568830872521,0.11142932516440635,0.032659434020817626,0.19019921630799508
BIDMC,B,TimesNet,11,0.7047559379302125,0.6134252974493746,0.7960865784110505,63.19314077040685,48.59203345473881,77.79424808607489,0.14089747035659733,0.052222995628909114,0.22957194508428555,0.6758288731510538,0.5930874688616706,0.7585702774404369,-0.09717803030303031,-0.25920509141611436,0.06484903081005373,0.02283948247580857,0.021444765355709272,0.02423419959590787,0.7371400603017656,0.5878139079860225,0.8864662126175087,0.3378782556721576,0.2214869456675337,0.45426956567678156,0.14497280149610473,0.06654932030841801,0.22339628268379144
BIDMC,B,Transformer,11,0.6855370429278941,0.5903220664925868,0.7807520193632014,60.75640446269198,44.601107567839705,76.91170135754426,0.14078182769281106,0.036963429879400864,0.24460022550622124,0.632751625759408,0.4843064592933714,0.7811967922254446,-0.44198863636363633,-0.5518298250575896,-0.33214744766968307,0.0234530338336986,0.022232613464952904,0.0246734542024443,0.6372884927078502,0.47334120044446937,0.8012357849712309,0.3015276724163974,0.17975639014141548,0.4232989546913793,0.16108127491859678,0.052400626453464924,0.2697619233837286
DaLiA,B,Autoformer,3,0.8733384492986952,0.529716883008514,1.2169600155888762,89.9983342675369,89.67035819828514,90.32631033678867,0.7864021833004524,0.7428503644705884,0.8299540021303164,0.9986197271612886,0.9971350756511148,1.0001043786714623,-0.16081130959711534,-0.25051200830182746,-0.07111061089240321,0.02364272064721727,0.02285000556114297,0.024435435733291568,1.62290568108574,1.2297579534383611,2.016053408733119,0.06186687609620372,0.053392630270754964,0.07034112192165247,0.9794510814552564,0.8107428164413715,1.1481593464691413
DaLiA,B,DLinear,3,0.8507562804569967,0.5190832012392097,1.1824293596747837,85.31098377589076,83.59619850191906,87.02576904986246,0.5302151274037356,0.47391717454565185,0.5865130802618193,0.9679705822517334,0.9606109273599911,0.9753302371434757,-0.5215771418184246,-0.5478728093295604,-0.4952814743072889,0.023814403278518526,0.02099105469454496,0.026637751862492093,1.278312248943249,0.8564588761728041,1.700165621713694,0.031117085501248767,0.026960050411613708,0.03527412059088383,1.1151920857323752,1.0718101959731379,1.1585739754916125
DaLiA,B,FITS,3,0.8642652360558527,0.5239816059132099,1.2045488661984955,87.31572203618354,85.86444547658594,88.76699859578115,0.6063336865191283,0.5904580388570548,0.6222093341812018,0.9921732144537362,0.9892199914960847,0.9951264374113876,-0.29678412990951536,-0.33773334082943,-0.2558349189896007,0.02304059937426407,0.02216908107457377,0.023912117673954368,1.4478415820005601,1.1397866451025287,1.7558965188985916,0.036996686805624984,0.02966658599939804,0.04432678761185193,1.7034702263756332,1.536373604584345,1.8705668481669213
DaLiA,B,FreMLP,3,0.8531278284206856,0.5195275434068405,1.1867281134345307,85.56788357040267,84.84956614625246,86.28620099455289,0.6410861092395538,0.6053259613684605,0.676846257110647,0.9668597709554324,0.9611537663380945,0.9725657755727704,-0.6758230843309833,-0.6937827587113178,-0.6578634099506487,0.02443013692389748,0.022245053660302078,0.026615220187492884,1.4162234516335992,0.9587448986811956,1.873702004586003,0.03992291545508341,0.035360903224266674,0.04448492768590015,0.9905586363150208,0.9705492981535204,1.0105679744765212
DaLiA,B,Linear,3,0.8522100539875151,0.5194689168634068,1.1849511911116235,85.42396966329521,83.73850060889832,87.1094387176921,0.5284331453292392,0.4743940114491136,0.582472279209365,0.9702512262328757,0.9628415404696118,0.9776609119961397,-0.5373203713527258,-0.5762158355410403,-0.4984249071644113,0.02373097535978136,0.021825692459831163,0.025636258259731554,1.3011152998669457,0.8756247683314898,1.7266058314024018,0.032631967835225754,0.02839073501771569,0.03687320065273582,1.0991246004547202,1.0085942585956758,1.1896549423137646
DaLiA,B,MICN_Mean,3,0.856079987786554,0.5230412495305405,1.1891187260425675,85.10459838898589,83.43571307949652,86.77348369847526,0.36651495177417276,0.3060478931161772,0.4269820104321683,0.970186991911425,0.9648224199266192,0.9755515638962308,-0.7051639909517418,-0.7703488014932338,-0.6399791804102497,0.023489146335920003,0.022194167494896437,0.024784125176943568,1.004308200588867,0.774480283841194,1.23413611733654,0.03685525270033079,0.024839232743443775,0.04887127265721781,0.6515176631269423,0.4859491285132729,0.8170861977406116
DaLiA,B,MICN_Regre,3,0.8480979926790169,0.5216916244215023,1.1745043609365315,83.93780383537238,81.55938030868387,86.31622736206089,0.42644089708921334,0.40648522378048985,0.44639657039793684,0.961784676091585,0.95262004444917,0.970949307734,-0.6295735088146494,-0.6762831447565887,-0.58286387287271,0.02217510343120507,0.02098444854398531,0.02336575831842483,1.0110037039483208,0.7700915717682022,1.2519158361284395,0.045104901007274704,0.02954325703705025,0.060666544977499154,0.6609438810051792,0.514125481188821,0.8077622808215374
DaLiA,B,MLinear,3,0.8435500182848422,0.515320438542171,1.1717795980275134,82.18935497120447,80.54980179778805,83.82890814462088,0.35736755315480456,0.3017935457462326,0.4129415605633765,0.961925908732136,0.9587749771307689,0.9650768403335032,-0.6060977836851454,-0.6287788766410076,-0.5834166907292833,0.024195600582327902,0.023468558357324844,0.02492264280733096,1.1416254183694166,0.7951795064917342,1.488071330247099,0.04985523502029984,0.04146536068914014,0.058245109351459545,0.6736174049743969,0.4933260968701946,0.8539087130785993
DaLiA,B,ModernTCN,3,0.8502068388579184,0.5218245170892837,1.178589160626553,84.81659920940898,83.28281105427385,86.3503873645441,0.40898095484531055,0.37606276348743195,0.44189914620318915,0.9593929591305974,0.9474684553002375,0.9713174629609573,-0.46886017585965406,-0.545524122066118,-0.39219622965319006,0.023213331041920717,0.022675104466253752,0.023751557617587682,1.1845622360068448,0.8609126157511466,1.508211856262543,0.05816413352197596,0.05226143778621242,0.0640668292577395,0.8387494457940158,0.7659608168316661,0.9115380747563655
DaLiA,B,NBeats,3,0.850855885866176,0.5192458690628408,1.1824659026695112,84.40482725279257,83.12733095571035,85.6823235498748,0.4146092087524438,0.3780396294447598,0.4511787880601278,0.9608141306413319,0.9534376138270885,0.9681906474555754,-0.6287299588362257,-0.6329734104471496,-0.6244865072253019,0.02359935427751852,0.02319786323764536,0.024000845317391682,1.1916625849506681,0.8475867309864967,1.5357384389148394,0.03243542337472494,0.029973167546428373,0.03489767920302152,0.9025575074198221,0.8287667333200586,0.9763482815195856
DaLiA,B,PatchTST,3,0.8569251881281076,0.5222684671570625,1.1915819090991526,85.8995149395043,84.88078072035714,86.91824915865146,0.4691841419873966,0.4469282052334728,0.4914400787413204,0.9771451406434721,0.9701569201136968,0.9841333611732475,-0.48695391347253386,-0.5051997804034862,-0.46870804654158155,0.023465134473047097,0.022201935869764634,0.02472833307632956,1.444099020776159,1.0809328544565397,1.8072651870957783,0.05874388440851381,0.053250455704764575,0.06423731311226305,0.8720756160633915,0.7821249539341509,0.962026278192632
DaLiA,B,TSMixer,3,0.8526290361217074,0.5188823792262787,1.186375693017136,85.07319097571794,83.88230720103302,86.26407475040286,0.4865650936319415,0.44317031501146925,0.5299598722524137,0.97392441272127,0.9696977135207591,0.9781511119217808,-0.6633447510192138,-0.6843204350516562,-0.6423690669867713,0.02435341531361677,0.02368963562322946,0.02501719500400408,1.3508746088281602,0.9804558284470585,1.721293389209262,0.03669490938181125,0.028474075873522305,0.04491574289010019,0.9211172709827452,0.8211748858930763,1.0210596560724141
DaLiA,B,TimesNet,3,0.8525281798112726,0.5181358002199336,1.1869205594026115,84.89281019265519,83.47395804767964,86.31166233763074,0.5134080034555327,0.4657439121045062,0.5610720948065593,0.9702997956568208,0.9661802606827092,0.9744193306309323,-0.6719899401324517,-0.6917608200706751,-0.6522190601942284,0.023088130764578912,0.02211691663397116,0.024059344895186664,1.21759835630989,0.8120184008948867,1.6231783117248932,0.021958292626239353,0.017059827375211466,0.02685675787726724,0.8524191985823518,0.7351958691083316,0.9696425280563721
DaLiA,B,Transformer,3,0.8474422992735965,0.5163832251075904,1.1785013734396026,84.84712716002718,83.49996032060044,86.19429399945393,0.49782425131038616,0.45583015903224905,0.5398183435885232,0.9656225435572453,0.9610535604076912,0.9701915267067994,-0.7308513749131426,-0.7543060221096648,-0.7073967277166203,0.024900948971596577,0.02324568671665289,0.026556211226540262,0.8121568905582643,0.5098384989642134,1.1144752821523154,0.02136316628137781,0.015300488181522241,0.027425844381233376,0.44883757799623236,0.279426338824174,0.6182488171682907
AFDB,B,Autoformer,4,0.63006088521843,0.5286540277568615,0.7314677426799984,90.16959342398651,88.90036448586666,91.43882236210636,1.7643793829154049,1.1895695045843735,2.3391892612464362,0.9940336466453289,0.9911763457290416,0.9968909475616162,-0.1404537037037037,-0.21815199626764967,-0.06275541113975772,0.02352683101146951,0.022169899636572,0.024883762386367022,3.392940914556211,1.9143399817791398,4.871541847333282,0.03983777060038882,0.03097412313461849,0.048701418066159144,3.511963984866374,3.1884040510675837,3.835523918665164
AFDB,B,DLinear,4,0.63683810684383,0.5407531895027013,0.7329230241849587,87.91033171219591,86.02900943855276,89.79165398583906,1.211075714369747,0.5902702688770997,1.8318811598623945,0.9545480462904727,0.9433925586233198,0.9657035339576256,-0.3541067982456141,-0.48103615835782415,-0.22717743813340402,0.02343686376338846,0.02219044897433048,0.02468327855244644,3.291930974837556,1.8167808656141375,4.767081084060974,0.13669056835827365,0.11056024690023446,0.16282088981631285,0.33070416085990595,0.23963397175036427,0.4217743499694476
AFDB,B,FITS,4,0.6303263502432596,0.5294448161724279,0.7312078843140912,89.80380302086637,85.82511789620233,93.78248814553041,1.6780073733120309,0.9874374051271203,2.3685773414969415,0.9822645837066976,0.9806347166502086,0.9838944507631865,-0.06486486354775829,-0.11172937561043471,-0.018000351485081875,0.024414161202430798,0.023700129515029242,0.025128192889832354,3.551684736151315,2.1473233181578024,4.956046154144827,0.09227165609374267,0.06899613364930389,0.11554717853818146,0.3512498585855467,0.1875230692620114,0.514976647909082
AFDB,B,FreMLP,4,0.632503414813793,0.5330808581445172,0.7319259714830688,89.28470716356958,88.62202008955109,89.94739423758807,1.4454964109519455,0.21699739792094141,2.6739954239829498,0.9923859076946527,0.9904561114865513,0.9943157039027541,-0.11364522417153997,-0.24633723365936316,0.019046785316283232,0.02344860463143278,0.02286463494145149,0.024032574321414066,3.409486131590282,2.0018932423815867,4.817079020798977,0.16007378129125785,0.12798693269665934,0.19216062988585636,0.3527582117318462,0.17326390495775523,0.5322525185059371
AFDB,B,Linear,4,0.6368590214860275,0.5405960391571294,0.7331220038149255,88.0279124250052,86.17833742004434,89.87748742996605,1.2150044175582966,0.5722742493202277,1.8577345857963654,0.9561891626686652,0.9453382581394266,0.9670400671979037,-0.3319389985380117,-0.46677571775734644,-0.1971022793186769,0.023435929309106297,0.022114428015783057,0.024757430602429537,3.296423801376282,1.8310844356987586,4.761763167053806,0.13745306511839478,0.11251623160235857,0.16238989863443098,0.3229346785680298,0.22603574734450982,0.4198336097915498
AFDB,B,MICN_Mean,4,0.6520242692922308,0.5613257920399524,0.7427227465445092,85.17537046392357,77.59359967309715,92.75714125475,1.3275310584766946,0.7570396789697172,1.898022437983672,0.7944129441390877,0.684634830250457,0.9041910580277184,-0.4688040813840155,-0.5473284422262988,-0.3902797205417322,0.02390748551807785,0.022261335935034553,0.025553635101121148,2.9346451168845404,1.5050056102086273,4.3642846235604535,0.13281596321825168,0.033884075047429796,0.23174785138907356,0.24221218407369033,0.21553286748931372,0.26889150065806694
AFDB,B,MICN_Regre,4,0.6568139074996076,0.56619511183231,0.7474327031669051,84.36697477879956,76.97328626476798,91.76066329283114,1.3148378822975082,0.7477648256955326,1.881910938899484,0.769032853275719,0.6445224828278646,0.8935432237235734,-0.4401464424951267,-0.5097632981244365,-0.37052958686581683,0.023718823733502117,0.022431608408427936,0.025006039058576297,2.875695478783386,1.4590005116213571,4.292390445945415,0.13471407832795618,0.04253329965402157,0.22689485700189077,0.22302735124935943,0.2016713560060714,0.24438334649264748
AFDB,B,MLinear,4,0.6266171468610915,0.5256990607887544,0.7275352329334286,84.63992024359192,81.28228826848911,87.99755221869472,1.7464581698409183,1.0797430256161165,2.41317331406572,0.971390731169422,0.9519913245056969,0.9907901378331471,-0.470762037037037,-0.5892389200666512,-0.3522851540074228,0.023719278799408286,0.02317525774764086,0.024263299851175712,3.330116930092009,1.7702800450252272,4.8899538151587905,0.12885505444211634,0.08467186029747209,0.1730382485867606,0.3401218776292201,0.21015144529181176,0.47009230996662843
AFDB,B,ModernTCN,4,0.6356386400891914,0.541195940467994,0.7300813397103887,82.9172609690789,75.33567989908045,90.49884203907735,1.4142270429287618,0.8474027925528744,1.9810512933046491,0.9017074191869717,0.8738895994736244,0.929525238900319,-0.30895358187134503,-0.42949687731834335,-0.1884102864243467,0.023577394697151352,0.0231857873792287,0.023969002015074004,3.147253330512157,1.5699865229537762,4.724520138070537,0.1600040621776883,0.09019238505114999,0.22981573930422663,0.2778284404659714,0.16917975883541814,0.38647712209652463
AFDB,B,NBeats,4,0.6384502295233261,0.5431813986912968,0.7337190603553554,87.0598583997487,85.84281971279262,88.27689708670479,1.7957646563920158,1.1435678765890431,2.4479614361949884,0.8961779428557296,0.8604952409095642,0.931860644801895,-0.3796274853801169,-0.4807954259672664,-0.2784595447929675,0.024219743075867578,0.02399499000830815,0.024444496143427006,3.2277025830862183,1.7196806595794294,4.735724506593007,0.10620609806653641,0.08392824749831877,0.12848394863475404,0.2651584473488105,0.18406961181764264,0.34624728287997836
AFDB,B,PatchTST,4,0.6423169682077184,0.5504432720159416,0.7341906643994953,86.57737423724912,84.5047473479384,88.65000112655983,1.5789286938885552,0.9157695836339476,2.242087804143163,0.9334443951489527,0.9046668444794392,0.9622219458184662,-0.22955910087719295,-0.3516129543420103,-0.10750524741237562,0.02382713534454314,0.02321149230454677,0.02444277838453951,3.233427432171872,1.7858853540483004,4.680969510295443,0.15074925892233695,0.12457541905777672,0.1769230987868972,0.2929364706394271,0.1672499839584649,0.41862295732038934
AFDB,B,TSMixer,4,0.6386377013385615,0.5414710157665982,0.7358043869105247,85.24981020258426,81.66405148989607,88.83556891527245,1.7174185899085566,1.1119912769474258,2.3228459028696875,0.897582921659834,0.8750204989920026,0.9201453443276654,-0.3199912158869396,-0.45421017909252837,-0.18577225268135078,0.023708482164463272,0.02335362059873213,0.024063343730194416,3.2678525959842526,1.7071601887474632,4.828545003221042,0.13557942541791101,0.089750969202429,0.18140788163339303,0.2430165947026846,0.22563608311367203,0.2603971062916972
AFDB,B,TimesNet,4,0.6328546050441939,0.5309144965489795,0.7347947135394083,85.38973647599514,80.96295098620966,89.81652196578061,1.7521838043982412,1.09528734052223,2.409080268274252,0.9145614587468403,0.8990283033609181,0.9300946141327624,-0.38739862329434704,-0.4984588776357285,-0.2763383689529656,0.023788474335623394,0.022988807761158324,0.024588140910088464,3.1539161848612007,1.5175147514983105,4.7903176182240905,0.1140288982307463,0.062310283640408186,0.1657475128210844,0.5116580434234524,0.34140153899678155,0.6819145478501234
AFDB,B,Transformer,4,0.6277488308746499,0.5250892815894727,0.7304083801598272,89.10829504851117,87.57989513036581,90.63669496665652,2.3457075082012446,1.6341093342797204,3.057305682122769,0.9922591955290664,0.9886973675602271,0.9958210234979057,-0.7633586866471734,-0.8517650846721994,-0.6749522886221475,0.0239592886537331,0.021810414945400213,0.02610816236206599,3.5062627133993085,1.7931508490581523,5.2193745777404645,0.015371084433137339,0.009147978986717226,0.02159418987955745,0.8508219940083036,0.021295509604072893,1.6803484784125344
NSRDB,B,Autoformer,6,0.6262397522461219,0.5476074768391663,0.7048720276530775,89.61437955205828,89.35033553297181,89.87842357114475,2.1746113928311686,1.442726424783757,2.90649636087858,0.9989519773920877,0.9986509596796517,0.9992529951045238,-0.40948148148148156,-0.5116735130152943,-0.3072894499476688,0.024480858835960784,0.024028918258753702,0.024932799413167867,3.582644409780663,2.968782684496882,4.196506135064444,0.06558101075534152,0.048714488634143904,0.08244753287653914,2.172837104807439,1.636091024568591,2.709583185046287
NSRDB,B,DLinear,6,0.6398746981290301,0.5608871298998133,0.7188622663582469,90.26012929723613,89.36725110332551,91.15300749114675,1.3472477551368431,-0.0815850712481303,2.776080581521817,0.9161898823455391,0.9092856356656102,0.9230941290254681,-0.4028148148148148,-0.4918621807825331,-0.3137674488470965,0.02299484720822338,0.022496770959615636,0.02349292345683112,3.3137305288042924,2.6630245944562274,3.9644364631523574,0.1259526075822943,0.10656541327438376,0.14533980189020482,0.2821563683687947,0.2146574462076612,0.3496552905299282
NSRDB,B,FITS,6,0.6280456277658464,0.5485619148745483,0.7075293406571445,90.02234717048735,88.78331776797272,91.26137657300198,1.4522785276951753,-0.03756196040935955,2.94211901579971,0.9536048873168864,0.9466178505952025,0.9605919240385703,-0.2694012345679012,-0.38422200313956645,-0.154580465996236,0.023830124345998644,0.022311455530898246,0.025348793161099042,3.5253689042528067,2.8447419555585034,4.20599585294711,0.09261801710750119,0.08805079752149483,0.09718523669350754,0.4486665633979925,0.22846632979489992,0.6688667970010851
NSRDB,B,FreMLP,6,0.6336744533582531,0.5558153405522711,0.7115335661642351,89.82319451681609,89.10081092076679,90.54557811286539,1.1229538155289405,-0.1942430724535762,2.440150703511457,0.9661127748878116,0.9650758601557948,0.9671496896198283,-0.34061728395061724,-0.4189029516433478,-0.2623316162578867,0.024054705171529408,0.023733415414673758,0.024375994928385058,3.37086213574559,2.7297811709223128,4.0119431005688675,0.16204582924976044,0.14672522027029525,0.17736643822922563,0.2732969304311768,0.21313953502575178,0.33345432583660184
NSRDB,B,Linear,6,0.6400308465550286,0.5608420825823605,0.7192196105276968,90.33500091039313,89.40722394218841,91.26277787859786,1.3185649229912295,-0.05761828674074154,2.6947481327232006,0.9169062423958824,0.9106395222446039,0.9231729625471609,-0.41056790123456793,-0.491680062542537,-0.3294557399265989,0.023163501953808303,0.02236862130621066,0.023958382601405946,3.316430483422497,2.6737133578447265,3.9591476090002677,0.1260574403820425,0.10783417776018822,0.14428070300389678,0.28841826129214615,0.21719718902914031,0.359639333555152
NSRDB,B,MICN_Mean,6,0.6332667804915552,0.5574655282887859,0.7090680326943244,87.26441791733434,86.34766116106252,88.18117467360617,0.4875521084161293,-0.018124939052858502,0.9932291558851171,0.940823695766,0.9195718165829541,0.9620755749490459,-0.770425925925926,-0.8353135576762489,-0.705538294175603,0.020774531338650728,0.01820837145860614,0.023340691218695316,2.5051090562953022,1.9757960196001263,3.034422092990478,0.10559186136859472,0.0807419290177731,0.13044179371941633,0.2962138701985811,0.22576327631287685,0.3666644640842853
NSRDB,B,MICN_Regre,6,0.6358591327917394,0.5592743817070365,0.7124438838764424,88.25361981197996,87.14896324022841,89.3582763837315,1.1562807842025982,-0.5932381296534757,2.905799698058672,0.9321038819141415,0.9097839828727383,0.9544237809555447,-0.6850246913580246,-0.7872942815489083,-0.5827551011671408,0.02098816673814981,0.01829120258144299,0.023685130894856632,2.549291239645521,2.047637788997169,3.050944690293873,0.10780667619188072,0.08302115963545309,0.13259219274830836,0.2531091931914892,0.18980613518382097,0.3164122511991575
NSRDB,B,MLinear,6,0.6222808343348848,0.5455733507313726,0.698988317938397,87.24393885099136,85.84927747489508,88.63860022708764,1.2804818959906923,0.10334318727313319,2.4576206047082514,0.9728637128343464,0.961835525018637,0.9838919006500557,-0.6612654320987654,-0.7039063622505899,-0.618624501946941,0.02251277193828911,0.02155099341431466,0.02347455046226356,3.249132332427609,2.6663712819326215,3.8318933829225963,0.1376459575801399,0.10493254845905545,0.17035936670122434,0.30012280074651765,0.2205767823195086,0.3796688191735267
NSRDB,B,ModernTCN,6,0.6271930666067481,0.5522915411815194,0.7020945920319769,87.46748107036905,85.85428990614821,89.08067223458988,2.066386251594879,0.01929524590418419,4.113477257285574,0.9566910316220957,0.9438768748254084,0.969505188418783,-0.49713580246913586,-0.581209806405511,-0.41306179853276076,0.022758086467941464,0.02212464711986991,0.023391525816013017,3.2930004158492903,2.6997578907088475,3.886242940989733,0.16519711539026108,0.1353684435474674,0.19502578723305475,0.25015784291641924,0.22457506251337475,0.2757406233194637
NSRDB,B,NBeats,6,0.6290443274620575,0.5548648830808007,0.7032237718433143,88.69117118809754,87.47609939137952,89.90624298481556,1.4804164621251392,0.07903838945888175,2.8817945347913967,0.942423565196814,0.9284272280863494,0.9564199023072787,-0.6463271604938272,-0.7019891371063091,-0.5906651838813454,0.02205374544050891,0.021187956947994795,0.022919533933023026,3.1452297769797677,2.550359079634569,3.7401004743249664,0.1097427810441146,0.09175014867817502,0.12773541341005418,0.3400091315007739,0.2893282276743784,0.3906900353271694
NSRDB,B,PatchTST,6,0.6323817834769799,0.5547195704907021,0.7100439964632578,90.50084561344222,89.53546646518923,91.46622476169522,1.1764811487945972,-0.2331467443943931,2.5861090419835877,0.9671663867910342,0.9642379678044206,0.9700948057776477,-0.3145925925925926,-0.39706168635320876,-0.23212349883197642,0.023625859726024736,0.022970723897347736,0.024280995554701736,3.4071858620432036,2.791351813790591,4.023019910295816,0.1424004892094359,0.12801267526979926,0.15678830314907255,0.24600078856742616,0.20951413960763804,0.2824874375272143
NSRDB,B,TSMixer,6,0.632347090384214,0.5550114753439176,0.7096827054245104,89.08002719102176,87.74022805559484,90.41982632644867,1.3511386166626587,-0.04162142058390894,2.743898653909226,0.9383540400609488,0.9272212123738313,0.9494868677480663,-0.5169506172839506,-0.5987303075090985,-0.43517092705880284,0.023010368922858904,0.022458566551713154,0.023562171294004654,3.224013412389533,2.600661891753165,3.8473649330259008,0.13570798804847764,0.11519603567215864,0.15621994042479664,0.2782921723287058,0.24885765698212203,0.30772668767528955
NSRDB,B,TimesNet,6,0.6258312131026871,0.5493240129141058,0.7023384132912683,87.44928457656636,85.7402140717152,89.15835508141751,1.2528269749462801,0.09252501266070245,2.413128937231858,0.936877902113941,0.9208530311756041,0.9529027730522778,-0.6732283950617285,-0.7114063958954602,-0.6350503942279968,0.021998638262089223,0.021188215887234425,0.02280906063694402,2.811185619688487,2.26746868451288,3.3549025548640934,0.09700706247172704,0.07361050743586822,0.12040361750758585,0.19490768246885926,0.17320219146766805,0.21661317347005046
NSRDB,B,Transformer,6,0.6251526218352988,0.5438463667139819,0.7064588769566158,87.32037271987575,85.44046190306342,89.20028353668808,1.420039422378674,0.11240836930598608,2.727670475451362,0.9308832990714878,0.9002734358980307,0.961493162244945,-0.8040123456790124,-0.8438827840390568,-0.7641419073189679,0.023221910155346425,0.021486490791539074,0.024957329519153776,2.6756399668712816,1.9955285986425335,3.3557513351000297,0.054823889195942006,0.03958778879400516,0.07005998959787885,0.19063334201313786,0.1604801582560818,0.22078652577019392
