idx	model	paradigm	condition	signal	seed	out
0	Linear	real_ppg_B		BIDMC	2021	/uufs/sci.utah.edu/projects/medvic-lab/Rakib/Time_Series/TimeSynth_runs/revision/results/real_ppg_B/BIDMC/Linear/seed2021/pred.npy
1	Linear	real_ppg_B		BIDMC	2022	/uufs/sci.utah.edu/projects/medvic-lab/Rakib/Time_Series/TimeSynth_runs/revision/results/real_ppg_B/BIDMC/Linear/seed2022/pred.npy
2	Linear	real_ppg_B		BIDMC	2023	/uufs/sci.utah.edu/projects/medvic-lab/Rakib/Time_Series/TimeSynth_runs/revision/results/real_ppg_B/BIDMC/Linear/seed2023/pred.npy
3	Linear	real_ppg_B		DaLiA	2021	/uufs/sci.utah.edu/projects/medvic-lab/Rakib/Time_Series/TimeSynth_runs/revision/results/real_ppg_B/DaLiA/Linear/seed2021/pred.npy
4	Linear	real_ppg_B		DaLiA	2022	/uufs/sci.utah.edu/projects/medvic-lab/Rakib/Time_Series/TimeSynth_runs/revision/results/real_ppg_B/DaLiA/Linear/seed2022/pred.npy
5	Linear	real_ppg_B		DaLiA	2023	/uufs/sci.utah.edu/projects/medvic-lab/Rakib/Time_Series/TimeSynth_runs/revision/results/real_ppg_B/DaLiA/Linear/seed2023/pred.npy
6	DLinear	real_ppg_B		BIDMC	2021	/uufs/sci.utah.edu/projects/medvic-lab/Rakib/Time_Series/TimeSynth_runs/revision/results/real_ppg_B/BIDMC/DLinear/seed2021/pred.npy
7	DLinear	real_ppg_B		BIDMC	2022	/uufs/sci.utah.edu/projects/medvic-lab/Rakib/Time_Series/TimeSynth_runs/revision/results/real_ppg_B/BIDMC/DLinear/seed2022/pred.npy
8	DLinear	real_ppg_B		BIDMC	2023	/uufs/sci.utah.edu/projects/medvic-lab/Rakib/Time_Series/TimeSynth_runs/revision/results/real_ppg_B/BIDMC/DLinear/seed2023/pred.npy
9	DLinear	real_ppg_B		DaLiA	2021	/uufs/sci.utah.edu/projects/medvic-lab/Rakib/Time_Series/TimeSynth_runs/revision/results/real_ppg_B/DaLiA/DLinear/seed2021/pred.npy
10	DLinear	real_ppg_B		DaLiA	2022	/uufs/sci.utah.edu/projects/medvic-lab/Rakib/Time_Series/TimeSynth_runs/revision/results/real_ppg_B/DaLiA/DLinear/seed2022/pred.npy
11	DLinear	real_ppg_B		DaLiA	2023	/uufs/sci.utah.edu/projects/medvic-lab/Rakib/Time_Series/TimeSynth_runs/revision/results/real_ppg_B/DaLiA/DLinear/seed2023/pred.npy
12	FITS	real_ppg_B		BIDMC	2021	/uufs/sci.utah.edu/projects/medvic-lab/Rakib/Time_Series/TimeSynth_runs/revision/results/real_ppg_B/BIDMC/FITS/seed2021/pred.npy
13	FITS	real_ppg_B		BIDMC	2022	/uufs/sci.utah.edu/projects/medvic-lab/Rakib/Time_Series/TimeSynth_runs/revision/results/real_ppg_B/BIDMC/FITS/seed2022/pred.npy
14	FITS	real_ppg_B		BIDMC	2023	/uufs/sci.utah.edu/projects/medvic-lab/Rakib/Time_Series/TimeSynth_runs/revision/results/real_ppg_B/BIDMC/FITS/seed2023/pred.npy
15	FITS	real_ppg_B		DaLiA	2021	/uufs/sci.utah.edu/projects/medvic-lab/Rakib/Time_Series/TimeSynth_runs/revision/results/real_ppg_B/DaLiA/FITS/seed2021/pred.npy
16	FITS	real_ppg_B		DaLiA	2022	/uufs/sci.utah.edu/projects/medvic-lab/Rakib/Time_Series/TimeSynth_runs/revision/results/real_ppg_B/DaLiA/FITS/seed2022/pred.npy
17	FITS	real_ppg_B		DaLiA	2023	/uufs/sci.utah.edu/projects/medvic-lab/Rakib/Time_Series/TimeSynth_runs/revision/results/real_ppg_B/DaLiA/FITS/seed2023/pred.npy
18	MLinear	real_ppg_B		BIDMC	2021	/uufs/sci.utah.edu/projects/medvic-lab/Rakib/Time_Series/TimeSynth_runs/revision/results/real_ppg_B/BIDMC/MLinear/seed2021/pred.npy
19	MLinear	real_ppg_B		BIDMC	2022	/uufs/sci.utah.edu/projects/medvic-lab/Rakib/Time_Series/TimeSynth_runs/revision/results/real_ppg_B/BIDMC/MLinear/seed2022/pred.npy
20	MLinear	real_ppg_B		BIDMC	2023	/uufs/sci.utah.edu/projects/medvic-lab/Rakib/Time_Series/TimeSynth_runs/revision/results/real_ppg_B/BIDMC/MLinear/seed2023/pred.npy
21	MLinear	real_ppg_B		DaLiA	2021	/uufs/sci.utah.edu/projects/medvic-lab/Rakib/Time_Series/TimeSynth_runs/revision/results/real_ppg_B/DaLiA/MLinear/seed2021/pred.npy
22	MLinear	real_ppg_B		DaLiA	2022	/uufs/sci.utah.edu/projects/medvic-lab/Rakib/Time_Series/TimeSynth_runs/revision/results/real_ppg_B/DaLiA/MLinear/seed2022/pred.npy
23	MLinear	real_ppg_B		DaLiA	2023	/uufs/sci.utah.edu/projects/medvic-lab/Rakib/Time_Series/TimeSynth_runs/revision/results/real_ppg_B/DaLiA/MLinear/seed2023/pred.npy
24	NBeats	real_ppg_B		BIDMC	2021	/uufs/sci.utah.edu/projects/medvic-lab/Rakib/Time_Series/TimeSynth_runs/revision/results/real_ppg_B/BIDMC/NBeats/seed2021/pred.npy
25	NBeats	real_ppg_B		BIDMC	2022	/uufs/sci.utah.edu/projects/medvic-lab/Rakib/Time_Series/TimeSynth_runs/revision/results/real_ppg_B/BIDMC/NBeats/seed2022/pred.npy
26	NBeats	real_ppg_B		BIDMC	2023	/uufs/sci.utah.edu/projects/medvic-lab/Rakib/Time_Series/TimeSynth_runs/revision/results/real_ppg_B/BIDMC/NBeats/seed2023/pred.npy
27	NBeats	real_ppg_B		DaLiA	2021	/uufs/sci.utah.edu/projects/medvic-lab/Rakib/Time_Series/TimeSynth_runs/revision/results/real_ppg_B/DaLiA/NBeats/seed2021/pred.npy
28	NBeats	real_ppg_B		DaLiA	2022	/uufs/sci.utah.edu/projects/medvic-lab/Rakib/Time_Series/TimeSynth_runs/revision/results/real_ppg_B/DaLiA/NBeats/seed2022/pred.npy
29	NBeats	real_ppg_B		DaLiA	2023	/uufs/sci.utah.edu/projects/medvic-lab/Rakib/Time_Series/TimeSynth_runs/revision/results/real_ppg_B/DaLiA/NBeats/seed2023/pred.npy
30	FreMLP	real_ppg_B		BIDMC	2021	/uufs/sci.utah.edu/projects/medvic-lab/Rakib/Time_Series/TimeSynth_runs/revision/results/real_ppg_B/BIDMC/FreMLP/seed2021/pred.npy
31	FreMLP	real_ppg_B		BIDMC	2022	/uufs/sci.utah.edu/projects/medvic-lab/Rakib/Time_Series/TimeSynth_runs/revision/results/real_ppg_B/BIDMC/FreMLP/seed2022/pred.npy
32	FreMLP	real_ppg_B		BIDMC	2023	/uufs/sci.utah.edu/projects/medvic-lab/Rakib/Time_Series/TimeSynth_runs/revision/results/real_ppg_B/BIDMC/FreMLP/seed2023/pred.npy
33	FreMLP	real_ppg_B		DaLiA	2021	/uufs/sci.utah.edu/projects/medvic-lab/Rakib/Time_Series/TimeSynth_runs/revision/results/real_ppg_B/DaLiA/FreMLP/seed2021/pred.npy
34	FreMLP	real_ppg_B		DaLiA	2022	/uufs/sci.utah.edu/projects/medvic-lab/Rakib/Time_Series/TimeSynth_runs/revision/results/real_ppg_B/DaLiA/FreMLP/seed2022/pred.npy
35	FreMLP	real_ppg_B		DaLiA	2023	/uufs/sci.utah.edu/projects/medvic-lab/Rakib/Time_Series/TimeSynth_runs/revision/results/real_ppg_B/DaLiA/FreMLP/seed2023/pred.npy
36	MICN_Mean	real_ppg_B		BIDMC	2021	/uufs/sci.utah.edu/projects/medvic-lab/Rakib/Time_Series/TimeSynth_runs/revision/results/real_ppg_B/BIDMC/MICN_Mean/seed2021/pred.npy
37	MICN_Mean	real_ppg_B		BIDMC	2022	/uufs/sci.utah.edu/projects/medvic-lab/Rakib/Time_Series/TimeSynth_runs/revision/results/real_ppg_B/BIDMC/MICN_Mean/seed2022/pred.npy
38	MICN_Mean	real_ppg_B		BIDMC	2023	/uufs/sci.utah.edu/projects/medvic-lab/Rakib/Time_Series/TimeSynth_runs/revision/results/real_ppg_B/BIDMC/MICN_Mean/seed2023/pred.npy
39	MICN_Mean	real_ppg_B		DaLiA	2021	/uufs/sci.utah.edu/projects/medvic-lab/Rakib/Time_Series/TimeSynth_runs/revision/results/real_ppg_B/DaLiA/MICN_Mean/seed2021/pred.npy
40	MICN_Mean	real_ppg_B		DaLiA	2022	/uufs/sci.utah.edu/projects/medvic-lab/Rakib/Time_Series/TimeSynth_runs/revision/results/real_ppg_B/DaLiA/MICN_Mean/seed2022/pred.npy
41	MICN_Mean	real_ppg_B		DaLiA	2023	/uufs/sci.utah.edu/projects/medvic-lab/Rakib/Time_Series/TimeSynth_runs/revision/results/real_ppg_B/DaLiA/MICN_Mean/seed2023/pred.npy
42	MICN_Regre	real_ppg_B		BIDMC	2021	/uufs/sci.utah.edu/projects/medvic-lab/Rakib/Time_Series/TimeSynth_runs/revision/results/real_ppg_B/BIDMC/MICN_Regre/seed2021/pred.npy
43	MICN_Regre	real_ppg_B		BIDMC	2022	/uufs/sci.utah.edu/projects/medvic-lab/Rakib/Time_Series/TimeSynth_runs/revision/results/real_ppg_B/BIDMC/MICN_Regre/seed2022/pred.npy
44	MICN_Regre	real_ppg_B		BIDMC	2023	/uufs/sci.utah.edu/projects/medvic-lab/Rakib/Time_Series/TimeSynth_runs/revision/results/real_ppg_B/BIDMC/MICN_Regre/seed2023/pred.npy
45	MICN_Regre	real_ppg_B		DaLiA	2021	/uufs/sci.utah.edu/projects/medvic-lab/Rakib/Time_Series/TimeSynth_runs/revision/results/real_ppg_B/DaLiA/MICN_Regre/seed2021/pred.npy
46	MICN_Regre	real_ppg_B		DaLiA	2022	/uufs/sci.utah.edu/projects/medvic-lab/Rakib/Time_Series/TimeSynth_runs/revision/results/real_ppg_B/DaLiA/MICN_Regre/seed2022/pred.npy
47	MICN_Regre	real_ppg_B		DaLiA	2023	/uufs/sci.utah.edu/projects/medvic-lab/Rakib/Time_Series/TimeSynth_runs/revision/results/real_ppg_B/DaLiA/MICN_Regre/seed2023/pred.npy
48	ModernTCN	real_ppg_B		BIDMC	2021	/uufs/sci.utah.edu/projects/medvic-lab/Rakib/Time_Series/TimeSynth_runs/revision/results/real_ppg_B/BIDMC/ModernTCN/seed2021/pred.npy
49	ModernTCN	real_ppg_B		BIDMC	2022	/uufs/sci.utah.edu/projects/medvic-lab/Rakib/Time_Series/TimeSynth_runs/revision/results/real_ppg_B/BIDMC/ModernTCN/seed2022/pred.npy
50	ModernTCN	real_ppg_B		BIDMC	2023	/uufs/sci.utah.edu/projects/medvic-lab/Rakib/Time_Series/TimeSynth_runs/revision/results/real_ppg_B/BIDMC/ModernTCN/seed2023/pred.npy
51	ModernTCN	real_ppg_B		DaLiA	2021	/uufs/sci.utah.edu/projects/medvic-lab/Rakib/Time_Series/TimeSynth_runs/revision/results/real_ppg_B/DaLiA/ModernTCN/seed2021/pred.npy
52	ModernTCN	real_ppg_B		DaLiA	2022	/uufs/sci.utah.edu/projects/medvic-lab/Rakib/Time_Series/TimeSynth_runs/revision/results/real_ppg_B/DaLiA/ModernTCN/seed2022/pred.npy
53	ModernTCN	real_ppg_B		DaLiA	2023	/uufs/sci.utah.edu/projects/medvic-lab/Rakib/Time_Series/TimeSynth_runs/revision/results/real_ppg_B/DaLiA/ModernTCN/seed2023/pred.npy
54	PatchTST	real_ppg_B		BIDMC	2021	/uufs/sci.utah.edu/projects/medvic-lab/Rakib/Time_Series/TimeSynth_runs/revision/results/real_ppg_B/BIDMC/PatchTST/seed2021/pred.npy
55	PatchTST	real_ppg_B		BIDMC	2022	/uufs/sci.utah.edu/projects/medvic-lab/Rakib/Time_Series/TimeSynth_runs/revision/results/real_ppg_B/BIDMC/PatchTST/seed2022/pred.npy
56	PatchTST	real_ppg_B		BIDMC	2023	/uufs/sci.utah.edu/projects/medvic-lab/Rakib/Time_Series/TimeSynth_runs/revision/results/real_ppg_B/BIDMC/PatchTST/seed2023/pred.npy
57	PatchTST	real_ppg_B		DaLiA	2021	/uufs/sci.utah.edu/projects/medvic-lab/Rakib/Time_Series/TimeSynth_runs/revision/results/real_ppg_B/DaLiA/PatchTST/seed2021/pred.npy
58	PatchTST	real_ppg_B		DaLiA	2022	/uufs/sci.utah.edu/projects/medvic-lab/Rakib/Time_Series/TimeSynth_runs/revision/results/real_ppg_B/DaLiA/PatchTST/seed2022/pred.npy
59	PatchTST	real_ppg_B		DaLiA	2023	/uufs/sci.utah.edu/projects/medvic-lab/Rakib/Time_Series/TimeSynth_runs/revision/results/real_ppg_B/DaLiA/PatchTST/seed2023/pred.npy
60	Transformer	real_ppg_B		BIDMC	2021	/uufs/sci.utah.edu/projects/medvic-lab/Rakib/Time_Series/TimeSynth_runs/revision/results/real_ppg_B/BIDMC/Transformer/seed2021/pred.npy
61	Transformer	real_ppg_B		BIDMC	2022	/uufs/sci.utah.edu/projects/medvic-lab/Rakib/Time_Series/TimeSynth_runs/revision/results/real_ppg_B/BIDMC/Transformer/seed2022/pred.npy
62	Transformer	real_ppg_B		BIDMC	2023	/uufs/sci.utah.edu/projects/medvic-lab/Rakib/Time_Series/TimeSynth_runs/revision/results/real_ppg_B/BIDMC/Transformer/seed2023/pred.npy
63	Transformer	real_ppg_B		DaLiA	2021	/uufs/sci.utah.edu/projects/medvic-lab/Rakib/Time_Series/TimeSynth_runs/revision/results/real_ppg_B/DaLiA/Transformer/seed2021/pred.npy
64	Transformer	real_ppg_B		DaLiA	2022	/uufs/sci.utah.edu/projects/medvic-lab/Rakib/Time_Series/TimeSynth_runs/revision/results/real_ppg_B/DaLiA/Transformer/seed2022/pred.npy
65	Transformer	real_ppg_B		DaLiA	2023	/uufs/sci.utah.edu/projects/medvic-lab/Rakib/Time_Series/TimeSynth_runs/revision/results/real_ppg_B/DaLiA/Transformer/seed2023/pred.npy
66	Autoformer	real_ppg_B		BIDMC	2021	/uufs/sci.utah.edu/projects/medvic-lab/Rakib/Time_Series/TimeSynth_runs/revision/results/real_ppg_B/BIDMC/Autoformer/seed2021/pred.npy
67	Autoformer	real_ppg_B		BIDMC	2022	/uufs/sci.utah.edu/projects/medvic-lab/Rakib/Time_Series/TimeSynth_runs/revision/results/real_ppg_B/BIDMC/Autoformer/seed2022/pred.npy
68	Autoformer	real_ppg_B		BIDMC	2023	/uufs/sci.utah.edu/projects/medvic-lab/Rakib/Time_Series/TimeSynth_runs/revision/results/real_ppg_B/BIDMC/Autoformer/seed2023/pred.npy
69	Autoformer	real_ppg_B		DaLiA	2021	/uufs/sci.utah.edu/projects/medvic-lab/Rakib/Time_Series/TimeSynth_runs/revision/results/real_ppg_B/DaLiA/Autoformer/seed2021/pred.npy
70	Autoformer	real_ppg_B		DaLiA	2022	/uufs/sci.utah.edu/projects/medvic-lab/Rakib/Time_Series/TimeSynth_runs/revision/results/real_ppg_B/DaLiA/Autoformer/seed2022/pred.npy
71	Autoformer	real_ppg_B		DaLiA	2023	/uufs/sci.utah.edu/projects/medvic-lab/Rakib/Time_Series/TimeSynth_runs/revision/results/real_ppg_B/DaLiA/Autoformer/seed2023/pred.npy
72	TimesNet	real_ppg_B		BIDMC	2021	/uufs/sci.utah.edu/projects/medvic-lab/Rakib/Time_Series/TimeSynth_runs/revision/results/real_ppg_B/BIDMC/TimesNet/seed2021/pred.npy
73	TimesNet	real_ppg_B		BIDMC	2022	/uufs/sci.utah.edu/projects/medvic-lab/Rakib/Time_Series/TimeSynth_runs/revision/results/real_ppg_B/BIDMC/TimesNet/seed2022/pred.npy
74	TimesNet	real_ppg_B		BIDMC	2023	/uufs/sci.utah.edu/projects/medvic-lab/Rakib/Time_Series/TimeSynth_runs/revision/results/real_ppg_B/BIDMC/TimesNet/seed2023/pred.npy
75	TimesNet	real_ppg_B		DaLiA	2021	/uufs/sci.utah.edu/projects/medvic-lab/Rakib/Time_Series/TimeSynth_runs/revision/results/real_ppg_B/DaLiA/TimesNet/seed2021/pred.npy
76	TimesNet	real_ppg_B		DaLiA	2022	/uufs/sci.utah.edu/projects/medvic-lab/Rakib/Time_Series/TimeSynth_runs/revision/results/real_ppg_B/DaLiA/TimesNet/seed2022/pred.npy
77	TimesNet	real_ppg_B		DaLiA	2023	/uufs/sci.utah.edu/projects/medvic-lab/Rakib/Time_Series/TimeSynth_runs/revision/results/real_ppg_B/DaLiA/TimesNet/seed2023/pred.npy
78	TSMixer	real_ppg_B		BIDMC	2021	/uufs/sci.utah.edu/projects/medvic-lab/Rakib/Time_Series/TimeSynth_runs/revision/results/real_ppg_B/BIDMC/TSMixer/seed2021/pred.npy
79	TSMixer	real_ppg_B		BIDMC	2022	/uufs/sci.utah.edu/projects/medvic-lab/Rakib/Time_Series/TimeSynth_runs/revision/results/real_ppg_B/BIDMC/TSMixer/seed2022/pred.npy
80	TSMixer	real_ppg_B		BIDMC	2023	/uufs/sci.utah.edu/projects/medvic-lab/Rakib/Time_Series/TimeSynth_runs/revision/results/real_ppg_B/BIDMC/TSMixer/seed2023/pred.npy
81	TSMixer	real_ppg_B		DaLiA	2021	/uufs/sci.utah.edu/projects/medvic-lab/Rakib/Time_Series/TimeSynth_runs/revision/results/real_ppg_B/DaLiA/TSMixer/seed2021/pred.npy
82	TSMixer	real_ppg_B		DaLiA	2022	/uufs/sci.utah.edu/projects/medvic-lab/Rakib/Time_Series/TimeSynth_runs/revision/results/real_ppg_B/DaLiA/TSMixer/seed2022/pred.npy
83	TSMixer	real_ppg_B		DaLiA	2023	/uufs/sci.utah.edu/projects/medvic-lab/Rakib/Time_Series/TimeSynth_runs/revision/results/real_ppg_B/DaLiA/TSMixer/seed2023/pred.npy
84	SeasonalNaive	real_ppg_B		BIDMC	2021	/uufs/sci.utah.edu/projects/medvic-lab/Rakib/Time_Series/TimeSynth_runs/revision/results/real_ppg_B/BIDMC/SeasonalNaive/seed2021/pred.npy
85	SeasonalNaive	real_ppg_B		BIDMC	2022	/uufs/sci.utah.edu/projects/medvic-lab/Rakib/Time_Series/TimeSynth_runs/revision/results/real_ppg_B/BIDMC/SeasonalNaive/seed2022/pred.npy
86	SeasonalNaive	real_ppg_B		BIDMC	2023	/uufs/sci.utah.edu/projects/medvic-lab/Rakib/Time_Series/TimeSynth_runs/revision/results/real_ppg_B/BIDMC/SeasonalNaive/seed2023/pred.npy
87	SeasonalNaive	real_ppg_B		DaLiA	2021	/uufs/sci.utah.edu/projects/medvic-lab/Rakib/Time_Series/TimeSynth_runs/revision/results/real_ppg_B/DaLiA/SeasonalNaive/seed2021/pred.npy
88	SeasonalNaive	real_ppg_B		DaLiA	2022	/uufs/sci.utah.edu/projects/medvic-lab/Rakib/Time_Series/TimeSynth_runs/revision/results/real_ppg_B/DaLiA/SeasonalNaive/seed2022/pred.npy
89	SeasonalNaive	real_ppg_B		DaLiA	2023	/uufs/sci.utah.edu/projects/medvic-lab/Rakib/Time_Series/TimeSynth_runs/revision/results/real_ppg_B/DaLiA/SeasonalNaive/seed2023/pred.npy
90	Linear	real_ecg_B		NSRDB	2021	/uufs/sci.utah.edu/projects/medvic-lab/Rakib/Time_Series/TimeSynth_runs/revision/results/real_ecg_B/NSRDB/Linear/seed2021/pred.npy
91	Linear	real_ecg_B		NSRDB	2022	/uufs/sci.utah.edu/projects/medvic-lab/Rakib/Time_Series/TimeSynth_runs/revision/results/real_ecg_B/NSRDB/Linear/seed2022/pred.npy
92	Linear	real_ecg_B		NSRDB	2023	/uufs/sci.utah.edu/projects/medvic-lab/Rakib/Time_Series/TimeSynth_runs/revision/results/real_ecg_B/NSRDB/Linear/seed2023/pred.npy
93	Linear	real_ecg_B		AFDB	2021	/uufs/sci.utah.edu/projects/medvic-lab/Rakib/Time_Series/TimeSynth_runs/revision/results/real_ecg_B/AFDB/Linear/seed2021/pred.npy
94	Linear	real_ecg_B		AFDB	2022	/uufs/sci.utah.edu/projects/medvic-lab/Rakib/Time_Series/TimeSynth_runs/revision/results/real_ecg_B/AFDB/Linear/seed2022/pred.npy
95	Linear	real_ecg_B		AFDB	2023	/uufs/sci.utah.edu/projects/medvic-lab/Rakib/Time_Series/TimeSynth_runs/revision/results/real_ecg_B/AFDB/Linear/seed2023/pred.npy
96	DLinear	real_ecg_B		NSRDB	2021	/uufs/sci.utah.edu/projects/medvic-lab/Rakib/Time_Series/TimeSynth_runs/revision/results/real_ecg_B/NSRDB/DLinear/seed2021/pred.npy
97	DLinear	real_ecg_B		NSRDB	2022	/uufs/sci.utah.edu/projects/medvic-lab/Rakib/Time_Series/TimeSynth_runs/revision/results/real_ecg_B/NSRDB/DLinear/seed2022/pred.npy
98	DLinear	real_ecg_B		NSRDB	2023	/uufs/sci.utah.edu/projects/medvic-lab/Rakib/Time_Series/TimeSynth_runs/revision/results/real_ecg_B/NSRDB/DLinear/seed2023/pred.npy
99	DLinear	real_ecg_B		AFDB	2021	/uufs/sci.utah.edu/projects/medvic-lab/Rakib/Time_Series/TimeSynth_runs/revision/results/real_ecg_B/AFDB/DLinear/seed2021/pred.npy
100	DLinear	real_ecg_B		AFDB	2022	/uufs/sci.utah.edu/projects/medvic-lab/Rakib/Time_Series/TimeSynth_runs/revision/results/real_ecg_B/AFDB/DLinear/seed2022/pred.npy
101	DLinear	real_ecg_B		AFDB	2023	/uufs/sci.utah.edu/projects/medvic-lab/Rakib/Time_Series/TimeSynth_runs/revision/results/real_ecg_B/AFDB/DLinear/seed2023/pred.npy
102	FITS	real_ecg_B		NSRDB	2021	/uufs/sci.utah.edu/projects/medvic-lab/Rakib/Time_Series/TimeSynth_runs/revision/results/real_ecg_B/NSRDB/FITS/seed2021/pred.npy
103	FITS	real_ecg_B		NSRDB	2022	/uufs/sci.utah.edu/projects/medvic-lab/Rakib/Time_Series/TimeSynth_runs/revision/results/real_ecg_B/NSRDB/FITS/seed2022/pred.npy
104	FITS	real_ecg_B		NSRDB	2023	/uufs/sci.utah.edu/projects/medvic-lab/Rakib/Time_Series/TimeSynth_runs/revision/results/real_ecg_B/NSRDB/FITS/seed2023/pred.npy
105	FITS	real_ecg_B		AFDB	2021	/uufs/sci.utah.edu/projects/medvic-lab/Rakib/Time_Series/TimeSynth_runs/revision/results/real_ecg_B/AFDB/FITS/seed2021/pred.npy
106	FITS	real_ecg_B		AFDB	2022	/uufs/sci.utah.edu/projects/medvic-lab/Rakib/Time_Series/TimeSynth_runs/revision/results/real_ecg_B/AFDB/FITS/seed2022/pred.npy
107	FITS	real_ecg_B		AFDB	2023	/uufs/sci.utah.edu/projects/medvic-lab/Rakib/Time_Series/TimeSynth_runs/revision/results/real_ecg_B/AFDB/FITS/seed2023/pred.npy
108	MLinear	real_ecg_B		NSRDB	2021	/uufs/sci.utah.edu/projects/medvic-lab/Rakib/Time_Series/TimeSynth_runs/revision/results/real_ecg_B/NSRDB/MLinear/seed2021/pred.npy
109	MLinear	real_ecg_B		NSRDB	2022	/uufs/sci.utah.edu/projects/medvic-lab/Rakib/Time_Series/TimeSynth_runs/revision/results/real_ecg_B/NSRDB/MLinear/seed2022/pred.npy
110	MLinear	real_ecg_B		NSRDB	2023	/uufs/sci.utah.edu/projects/medvic-lab/Rakib/Time_Series/TimeSynth_runs/revision/results/real_ecg_B/NSRDB/MLinear/seed2023/pred.npy
111	MLinear	real_ecg_B		AFDB	2021	/uufs/sci.utah.edu/projects/medvic-lab/Rakib/Time_Series/TimeSynth_runs/revision/results/real_ecg_B/AFDB/MLinear/seed2021/pred.npy
112	MLinear	real_ecg_B		AFDB	2022	/uufs/sci.utah.edu/projects/medvic-lab/Rakib/Time_Series/TimeSynth_runs/revision/results/real_ecg_B/AFDB/MLinear/seed2022/pred.npy
113	MLinear	real_ecg_B		AFDB	2023	/uufs/sci.utah.edu/projects/medvic-lab/Rakib/Time_Series/TimeSynth_runs/revision/results/real_ecg_B/AFDB/MLinear/seed2023/pred.npy
114	NBeats	real_ecg_B		NSRDB	2021	/uufs/sci.utah.edu/projects/medvic-lab/Rakib/Time_Series/TimeSynth_runs/revision/results/real_ecg_B/NSRDB/NBeats/seed2021/pred.npy
115	NBeats	real_ecg_B		NSRDB	2022	/uufs/sci.utah.edu/projects/medvic-lab/Rakib/Time_Series/TimeSynth_runs/revision/results/real_ecg_B/NSRDB/NBeats/seed2022/pred.npy
116	NBeats	real_ecg_B		NSRDB	2023	/uufs/sci.utah.edu/projects/medvic-lab/Rakib/Time_Series/TimeSynth_runs/revision/results/real_ecg_B/NSRDB/NBeats/seed2023/pred.npy
117	NBeats	real_ecg_B		AFDB	2021	/uufs/sci.utah.edu/projects/medvic-lab/Rakib/Time_Series/TimeSynth_runs/revision/results/real_ecg_B/AFDB/NBeats/seed2021/pred.npy
118	NBeats	real_ecg_B		AFDB	2022	/uufs/sci.utah.edu/projects/medvic-lab/Rakib/Time_Series/TimeSynth_runs/revision/results/real_ecg_B/AFDB/NBeats/seed2022/pred.npy
119	NBeats	real_ecg_B		AFDB	2023	/uufs/sci.utah.edu/projects/medvic-lab/Rakib/Time_Series/TimeSynth_runs/revision/results/real_ecg_B/AFDB/NBeats/seed2023/pred.npy
120	FreMLP	real_ecg_B		NSRDB	2021	/uufs/sci.utah.edu/projects/medvic-lab/Rakib/Time_Series/TimeSynth_runs/revision/results/real_ecg_B/NSRDB/FreMLP/seed2021/pred.npy
121	FreMLP	real_ecg_B		NSRDB	2022	/uufs/sci.utah.edu/projects/medvic-lab/Rakib/Time_Series/TimeSynth_runs/revision/results/real_ecg_B/NSRDB/FreMLP/seed2022/pred.npy
122	FreMLP	real_ecg_B		NSRDB	2023	/uufs/sci.utah.edu/projects/medvic-lab/Rakib/Time_Series/TimeSynth_runs/revision/results/real_ecg_B/NSRDB/FreMLP/seed2023/pred.npy
123	FreMLP	real_ecg_B		AFDB	2021	/uufs/sci.utah.edu/projects/medvic-lab/Rakib/Time_Series/TimeSynth_runs/revision/results/real_ecg_B/AFDB/FreMLP/seed2021/pred.npy
124	FreMLP	real_ecg_B		AFDB	2022	/uufs/sci.utah.edu/projects/medvic-lab/Rakib/Time_Series/TimeSynth_runs/revision/results/real_ecg_B/AFDB/FreMLP/seed2022/pred.npy
125	FreMLP	real_ecg_B		AFDB	2023	/uufs/sci.utah.edu/projects/medvic-lab/Rakib/Time_Series/TimeSynth_runs/revision/results/real_ecg_B/AFDB/FreMLP/seed2023/pred.npy
126	MICN_Mean	real_ecg_B		NSRDB	2021	/uufs/sci.utah.edu/projects/medvic-lab/Rakib/Time_Series/TimeSynth_runs/revision/results/real_ecg_B/NSRDB/MICN_Mean/seed2021/pred.npy
127	MICN_Mean	real_ecg_B		NSRDB	2022	/uufs/sci.utah.edu/projects/medvic-lab/Rakib/Time_Series/TimeSynth_runs/revision/results/real_ecg_B/NSRDB/MICN_Mean/seed2022/pred.npy
128	MICN_Mean	real_ecg_B		NSRDB	2023	/uufs/sci.utah.edu/projects/medvic-lab/Rakib/Time_Series/TimeSynth_runs/revision/results/real_ecg_B/NSRDB/MICN_Mean/seed2023/pred.npy
129	MICN_Mean	real_ecg_B		AFDB	2021	/uufs/sci.utah.edu/projects/medvic-lab/Rakib/Time_Series/TimeSynth_runs/revision/results/real_ecg_B/AFDB/MICN_Mean/seed2021/pred.npy
130	MICN_Mean	real_ecg_B		AFDB	2022	/uufs/sci.utah.edu/projects/medvic-lab/Rakib/Time_Series/TimeSynth_runs/revision/results/real_ecg_B/AFDB/MICN_Mean/seed2022/pred.npy
131	MICN_Mean	real_ecg_B		AFDB	2023	/uufs/sci.utah.edu/projects/medvic-lab/Rakib/Time_Series/TimeSynth_runs/revision/results/real_ecg_B/AFDB/MICN_Mean/seed2023/pred.npy
132	MICN_Regre	real_ecg_B		NSRDB	2021	/uufs/sci.utah.edu/projects/medvic-lab/Rakib/Time_Series/TimeSynth_runs/revision/results/real_ecg_B/NSRDB/MICN_Regre/seed2021/pred.npy
133	MICN_Regre	real_ecg_B		NSRDB	2022	/uufs/sci.utah.edu/projects/medvic-lab/Rakib/Time_Series/TimeSynth_runs/revision/results/real_ecg_B/NSRDB/MICN_Regre/seed2022/pred.npy
134	MICN_Regre	real_ecg_B		NSRDB	2023	/uufs/sci.utah.edu/projects/medvic-lab/Rakib/Time_Series/TimeSynth_runs/revision/results/real_ecg_B/NSRDB/MICN_Regre/seed2023/pred.npy
135	MICN_Regre	real_ecg_B		AFDB	2021	/uufs/sci.utah.edu/projects/medvic-lab/Rakib/Time_Series/TimeSynth_runs/revision/results/real_ecg_B/AFDB/MICN_Regre/seed2021/pred.npy
136	MICN_Regre	real_ecg_B		AFDB	2022	/uufs/sci.utah.edu/projects/medvic-lab/Rakib/Time_Series/TimeSynth_runs/revision/results/real_ecg_B/AFDB/MICN_Regre/seed2022/pred.npy
137	MICN_Regre	real_ecg_B		AFDB	2023	/uufs/sci.utah.edu/projects/medvic-lab/Rakib/Time_Series/TimeSynth_runs/revision/results/real_ecg_B/AFDB/MICN_Regre/seed2023/pred.npy
138	ModernTCN	real_ecg_B		NSRDB	2021	/uufs/sci.utah.edu/projects/medvic-lab/Rakib/Time_Series/TimeSynth_runs/revision/results/real_ecg_B/NSRDB/ModernTCN/seed2021/pred.npy
139	ModernTCN	real_ecg_B		NSRDB	2022	/uufs/sci.utah.edu/projects/medvic-lab/Rakib/Time_Series/TimeSynth_runs/revision/results/real_ecg_B/NSRDB/ModernTCN/seed2022/pred.npy
140	ModernTCN	real_ecg_B		NSRDB	2023	/uufs/sci.utah.edu/projects/medvic-lab/Rakib/Time_Series/TimeSynth_runs/revision/results/real_ecg_B/NSRDB/ModernTCN/seed2023/pred.npy
141	ModernTCN	real_ecg_B		AFDB	2021	/uufs/sci.utah.edu/projects/medvic-lab/Rakib/Time_Series/TimeSynth_runs/revision/results/real_ecg_B/AFDB/ModernTCN/seed2021/pred.npy
142	ModernTCN	real_ecg_B		AFDB	2022	/uufs/sci.utah.edu/projects/medvic-lab/Rakib/Time_Series/TimeSynth_runs/revision/results/real_ecg_B/AFDB/ModernTCN/seed2022/pred.npy
143	ModernTCN	real_ecg_B		AFDB	2023	/uufs/sci.utah.edu/projects/medvic-lab/Rakib/Time_Series/TimeSynth_runs/revision/results/real_ecg_B/AFDB/ModernTCN/seed2023/pred.npy
144	PatchTST	real_ecg_B		NSRDB	2021	/uufs/sci.utah.edu/projects/medvic-lab/Rakib/Time_Series/TimeSynth_runs/revision/results/real_ecg_B/NSRDB/PatchTST/seed2021/pred.npy
145	PatchTST	real_ecg_B		NSRDB	2022	/uufs/sci.utah.edu/projects/medvic-lab/Rakib/Time_Series/TimeSynth_runs/revision/results/real_ecg_B/NSRDB/PatchTST/seed2022/pred.npy
146	PatchTST	real_ecg_B		NSRDB	2023	/uufs/sci.utah.edu/projects/medvic-lab/Rakib/Time_Series/TimeSynth_runs/revision/results/real_ecg_B/NSRDB/PatchTST/seed2023/pred.npy
147	PatchTST	real_ecg_B		AFDB	2021	/uufs/sci.utah.edu/projects/medvic-lab/Rakib/Time_Series/TimeSynth_runs/revision/results/real_ecg_B/AFDB/PatchTST/seed2021/pred.npy
148	PatchTST	real_ecg_B		AFDB	2022	/uufs/sci.utah.edu/projects/medvic-lab/Rakib/Time_Series/TimeSynth_runs/revision/results/real_ecg_B/AFDB/PatchTST/seed2022/pred.npy
149	PatchTST	real_ecg_B		AFDB	2023	/uufs/sci.utah.edu/projects/medvic-lab/Rakib/Time_Series/TimeSynth_runs/revision/results/real_ecg_B/AFDB/PatchTST/seed2023/pred.npy
150	Transformer	real_ecg_B		NSRDB	2021	/uufs/sci.utah.edu/projects/medvic-lab/Rakib/Time_Series/TimeSynth_runs/revision/results/real_ecg_B/NSRDB/Transformer/seed2021/pred.npy
151	Transformer	real_ecg_B		NSRDB	2022	/uufs/sci.utah.edu/projects/medvic-lab/Rakib/Time_Series/TimeSynth_runs/revision/results/real_ecg_B/NSRDB/Transformer/seed2022/pred.npy
152	Transformer	real_ecg_B		NSRDB	2023	/uufs/sci.utah.edu/projects/medvic-lab/Rakib/Time_Series/TimeSynth_runs/revision/results/real_ecg_B/NSRDB/Transformer/seed2023/pred.npy
153	Transformer	real_ecg_B		AFDB	2021	/uufs/sci.utah.edu/projects/medvic-lab/Rakib/Time_Series/TimeSynth_runs/revision/results/real_ecg_B/AFDB/Transformer/seed2021/pred.npy
154	Transformer	real_ecg_B		AFDB	2022	/uufs/sci.utah.edu/projects/medvic-lab/Rakib/Time_Series/TimeSynth_runs/revision/results/real_ecg_B/AFDB/Transformer/seed2022/pred.npy
155	Transformer	real_ecg_B		AFDB	2023	/uufs/sci.utah.edu/projects/medvic-lab/Rakib/Time_Series/TimeSynth_runs/revision/results/real_ecg_B/AFDB/Transformer/seed2023/pred.npy
156	Autoformer	real_ecg_B		NSRDB	2021	/uufs/sci.utah.edu/projects/medvic-lab/Rakib/Time_Series/TimeSynth_runs/revision/results/real_ecg_B/NSRDB/Autoformer/seed2021/pred.npy
157	Autoformer	real_ecg_B		NSRDB	2022	/uufs/sci.utah.edu/projects/medvic-lab/Rakib/Time_Series/TimeSynth_runs/revision/results/real_ecg_B/NSRDB/Autoformer/seed2022/pred.npy
158	Autoformer	real_ecg_B		NSRDB	2023	/uufs/sci.utah.edu/projects/medvic-lab/Rakib/Time_Series/TimeSynth_runs/revision/results/real_ecg_B/NSRDB/Autoformer/seed2023/pred.npy
159	Autoformer	real_ecg_B		AFDB	2021	/uufs/sci.utah.edu/projects/medvic-lab/Rakib/Time_Series/TimeSynth_runs/revision/results/real_ecg_B/AFDB/Autoformer/seed2021/pred.npy
160	Autoformer	real_ecg_B		AFDB	2022	/uufs/sci.utah.edu/projects/medvic-lab/Rakib/Time_Series/TimeSynth_runs/revision/results/real_ecg_B/AFDB/Autoformer/seed2022/pred.npy
161	Autoformer	real_ecg_B		AFDB	2023	/uufs/sci.utah.edu/projects/medvic-lab/Rakib/Time_Series/TimeSynth_runs/revision/results/real_ecg_B/AFDB/Autoformer/seed2023/pred.npy
162	TimesNet	real_ecg_B		NSRDB	2021	/uufs/sci.utah.edu/projects/medvic-lab/Rakib/Time_Series/TimeSynth_runs/revision/results/real_ecg_B/NSRDB/TimesNet/seed2021/pred.npy
163	TimesNet	real_ecg_B		NSRDB	2022	/uufs/sci.utah.edu/projects/medvic-lab/Rakib/Time_Series/TimeSynth_runs/revision/results/real_ecg_B/NSRDB/TimesNet/seed2022/pred.npy
164	TimesNet	real_ecg_B		NSRDB	2023	/uufs/sci.utah.edu/projects/medvic-lab/Rakib/Time_Series/TimeSynth_runs/revision/results/real_ecg_B/NSRDB/TimesNet/seed2023/pred.npy
165	TimesNet	real_ecg_B		AFDB	2021	/uufs/sci.utah.edu/projects/medvic-lab/Rakib/Time_Series/TimeSynth_runs/revision/results/real_ecg_B/AFDB/TimesNet/seed2021/pred.npy
166	TimesNet	real_ecg_B		AFDB	2022	/uufs/sci.utah.edu/projects/medvic-lab/Rakib/Time_Series/TimeSynth_runs/revision/results/real_ecg_B/AFDB/TimesNet/seed2022/pred.npy
167	TimesNet	real_ecg_B		AFDB	2023	/uufs/sci.utah.edu/projects/medvic-lab/Rakib/Time_Series/TimeSynth_runs/revision/results/real_ecg_B/AFDB/TimesNet/seed2023/pred.npy
168	TSMixer	real_ecg_B		NSRDB	2021	/uufs/sci.utah.edu/projects/medvic-lab/Rakib/Time_Series/TimeSynth_runs/revision/results/real_ecg_B/NSRDB/TSMixer/seed2021/pred.npy
169	TSMixer	real_ecg_B		NSRDB	2022	/uufs/sci.utah.edu/projects/medvic-lab/Rakib/Time_Series/TimeSynth_runs/revision/results/real_ecg_B/NSRDB/TSMixer/seed2022/pred.npy
170	TSMixer	real_ecg_B		NSRDB	2023	/uufs/sci.utah.edu/projects/medvic-lab/Rakib/Time_Series/TimeSynth_runs/revision/results/real_ecg_B/NSRDB/TSMixer/seed2023/pred.npy
171	TSMixer	real_ecg_B		AFDB	2021	/uufs/sci.utah.edu/projects/medvic-lab/Rakib/Time_Series/TimeSynth_runs/revision/results/real_ecg_B/AFDB/TSMixer/seed2021/pred.npy
172	TSMixer	real_ecg_B		AFDB	2022	/uufs/sci.utah.edu/projects/medvic-lab/Rakib/Time_Series/TimeSynth_runs/revision/results/real_ecg_B/AFDB/TSMixer/seed2022/pred.npy
173	TSMixer	real_ecg_B		AFDB	2023	/uufs/sci.utah.edu/projects/medvic-lab/Rakib/Time_Series/TimeSynth_runs/revision/results/real_ecg_B/AFDB/TSMixer/seed2023/pred.npy
174	SeasonalNaive	real_ecg_B		NSRDB	2021	/uufs/sci.utah.edu/projects/medvic-lab/Rakib/Time_Series/TimeSynth_runs/revision/results/real_ecg_B/NSRDB/SeasonalNaive/seed2021/pred.npy
175	SeasonalNaive	real_ecg_B		NSRDB	2022	/uufs/sci.utah.edu/projects/medvic-lab/Rakib/Time_Series/TimeSynth_runs/revision/results/real_ecg_B/NSRDB/SeasonalNaive/seed2022/pred.npy
176	SeasonalNaive	real_ecg_B		NSRDB	2023	/uufs/sci.utah.edu/projects/medvic-lab/Rakib/Time_Series/TimeSynth_runs/revision/results/real_ecg_B/NSRDB/SeasonalNaive/seed2023/pred.npy
177	SeasonalNaive	real_ecg_B		AFDB	2021	/uufs/sci.utah.edu/projects/medvic-lab/Rakib/Time_Series/TimeSynth_runs/revision/results/real_ecg_B/AFDB/SeasonalNaive/seed2021/pred.npy
178	SeasonalNaive	real_ecg_B		AFDB	2022	/uufs/sci.utah.edu/projects/medvic-lab/Rakib/Time_Series/TimeSynth_runs/revision/results/real_ecg_B/AFDB/SeasonalNaive/seed2022/pred.npy
179	SeasonalNaive	real_ecg_B		AFDB	2023	/uufs/sci.utah.edu/projects/medvic-lab/Rakib/Time_Series/TimeSynth_runs/revision/results/real_ecg_B/AFDB/SeasonalNaive/seed2023/pred.npy
