D,model,seed,group,n_windows,kl_rate,dwell_true,dwell_pred,dwell_abs_err,frac_between,frac_between_true,mae,phase,freq
2.0,Autoformer,2021,Decomposition,400,0.059312365686275126,3.1093935465623312,2.2480378526783107,0.8613556938840206,0.2538888888888889,0.6875,0.07098121238034218,88.79118533142359,0.26652948243895
2.0,Autoformer,2022,Decomposition,400,0.07814722907343963,3.1093935465623312,2.981039566446275,0.12835398011605603,0.4033333333333333,0.6875,0.07106398735847325,89.9279452305446,0.21437194971663867
2.0,Autoformer,2023,Decomposition,400,0.02692433851272382,3.1093935465623312,2.370548158783453,0.7388453877788783,0.355,0.6875,0.07114644509311766,89.60560143514975,0.15261525455182529
2.0,CSDI,2021,Probabilistic,400,0.03303816475078012,3.1093935465623312,5.183019249257371,2.0736257026950398,0.5248333333333333,0.6875,0.06726065423600376,78.48404089808857,0.17193090952661372
2.0,CSDI,2022,Probabilistic,400,0.029110414764141605,3.1093935465623312,4.9971844351458925,1.8877908885835613,0.5880277777777778,0.6875,0.0651193798881024,75.34962005649139,0.15133143014456502
2.0,CSDI,2023,Probabilistic,400,0.03300510805005076,3.1093935465623312,5.1757379642799854,2.066344417717654,0.5382222222222223,0.6875,0.06523277477174996,74.99663579539776,0.15391667381133195
2.0,DLinear,2021,Decomposition,400,0.03661294141254712,3.1093935465623312,5.345922832637343,2.2365292860750117,0.28944444444444445,0.6875,0.06534476742409169,79.06190038127639,0.17955123090758054
2.0,DLinear,2022,Decomposition,400,0.03472130219806876,3.1093935465623312,5.267339224362953,2.1579456778006216,0.2925,0.6875,0.06534469542931765,79.16380749483413,0.18000033966476145
2.0,DLinear,2023,Decomposition,400,0.042253600873389544,3.1093935465623312,5.615647939821298,2.506254393258967,0.2991666666666667,0.6875,0.06534074690081178,78.86899536410448,0.17950564872959213
2.0,FITS,2021,Decomposition,400,0.003115541830060324,3.1093935465623312,3.532674191724867,0.42328064516253594,0.32166666666666666,0.6875,0.06815227969139814,81.79304746032466,0.18409895909899127
2.0,FITS,2022,Decomposition,400,0.0015147978498838317,3.1093935465623312,3.4126380514528294,0.30324450489049815,0.3308333333333333,0.6875,0.06816403740607202,81.87884768449223,0.18500430767536208
2.0,FITS,2023,Decomposition,400,0.0018374113838745508,3.1093935465623312,3.416925569102226,0.30753202253989453,0.32222222222222224,0.6875,0.06816339691020548,81.80562222762207,0.1828010509641505
2.0,FreMLP,2021,Decomposition,400,0.13065171330756034,3.1093935465623312,10.556673531430809,7.447279984868477,0.41888888888888887,0.6875,0.0634281644335948,74.48061035592012,0.1616450962596003
2.0,FreMLP,2022,Decomposition,400,0.12941078332708025,3.1093935465623312,10.458566618566618,7.3491730720042865,0.4166666666666667,0.6875,0.06349402561541646,75.44171848547215,0.16523809748955365
2.0,FreMLP,2023,Decomposition,400,0.13014250379359021,3.1093935465623312,10.50092053272467,7.391526986162339,0.41888888888888887,0.6875,0.06353870249688626,74.95217885191343,0.16321915755808442
2.0,Linear,2021,Linear and MLP,400,0.032468693808869936,3.1093935465623312,5.149613723888434,2.040220177326103,0.29694444444444446,0.6875,0.06568450245633722,79.70152230133027,0.17799009459289525
2.0,Linear,2022,Linear and MLP,400,0.03826828963632323,3.1093935465623312,5.4270987755761,2.317705229013769,0.2961111111111111,0.6875,0.06568486208915711,79.73039479287323,0.17826739901440267
2.0,Linear,2023,Linear and MLP,400,0.02872622522627785,3.1093935465623312,4.9766934064733785,1.8672998599110473,0.29388888888888887,0.6875,0.06568465448133648,79.69841283451474,0.17846926450533615
2.0,MICN_Mean,2021,Local receptive field,400,0.10169720292848047,3.1093935465623312,8.696727046797687,5.5873335002353555,0.42833333333333334,0.6875,0.06289318520557136,73.97727494926725,0.159127596205018
2.0,MICN_Mean,2022,Local receptive field,400,0.10261257521297283,3.1093935465623312,8.769940278203414,5.660546731641083,0.4311111111111111,0.6875,0.0629514480240643,74.24624186946589,0.16018416112190828
2.0,MICN_Mean,2023,Local receptive field,400,0.10448865997031664,3.1093935465623312,8.883067004586419,5.773673458024088,0.4325,0.6875,0.06288432977925985,74.03758746923809,0.15928188113893849
2.0,MICN_Regre,2021,Local receptive field,400,0.09384539670175732,3.1093935465623312,8.25078283281189,5.1413892862495585,0.4452777777777778,0.6875,0.0630074908029288,74.32959510327483,0.15903506920803778
2.0,MICN_Regre,2022,Local receptive field,400,0.0824993932684397,3.1093935465623312,7.621586135347043,4.512192588784711,0.4230555555555556,0.6875,0.06302997476197779,74.11905015049318,0.1601332383201058
2.0,MICN_Regre,2023,Local receptive field,400,0.08791888968933476,3.1093935465623312,7.944427359395069,4.835033812832738,0.4083333333333333,0.6875,0.06286996047701686,73.39154588091175,0.15706268470076423
2.0,MLinear,2021,Linear and MLP,400,0.007749030289922614,3.1093935465623312,3.3206830635645437,0.21128951700221243,0.32861111111111113,0.6875,0.0700948655763641,84.1025788757811,0.18371812357456122
2.0,MLinear,2022,Linear and MLP,400,0.04174610488624374,3.1093935465623312,3.17324279190509,0.06384924534275882,0.3388888888888889,0.6875,0.07040410785768181,84.98124261518471,0.1784176291126415
2.0,MLinear,2023,Linear and MLP,400,0.0574045720787639,3.1093935465623312,2.705115081941974,0.40427846462035744,0.3302777777777778,0.6875,0.07048781554084271,86.10507735225934,0.17296916595442938
2.0,ModernTCN,2021,Local receptive field,400,0.03018250478791952,3.1093935465623312,3.5902216160171214,0.4808280694547902,0.3527777777777778,0.6875,0.06805269390195608,80.35775396390235,0.17794800182315362
2.0,ModernTCN,2022,Local receptive field,400,0.032803076611066496,3.1093935465623312,5.161616187487994,2.0522226409256623,0.5036111111111111,0.6875,0.06891019871141761,77.23922761729692,0.15609253235593148
2.0,ModernTCN,2023,Local receptive field,400,0.0005771041227971001,3.1093935465623312,3.1966456491075386,0.08725210254520732,0.40055555555555555,0.6875,0.06940842755045741,79.2711348345171,0.16372122718517582
2.0,NBeats,2021,Linear and MLP,400,0.16691421178564658,3.1093935465623312,13.430475959623944,10.321082413061614,0.4486111111111111,0.6875,0.06329326327797025,74.2726513629561,0.15734347108276084
2.0,NBeats,2022,Linear and MLP,400,0.18810243058848775,3.1093935465623312,15.506820481683874,12.397426935121544,0.4469444444444444,0.6875,0.06324816870484501,74.01483106588921,0.15861329180603637
2.0,NBeats,2023,Linear and MLP,400,0.20241994726526236,3.1093935465623312,16.772651259697874,13.663257713135543,0.4411111111111111,0.6875,0.06323332303445786,74.2077401503086,0.15636525641677293
2.0,PatchTST,2021,Local receptive field,400,0.2563068775227688,3.1093935465623312,23.73972888425441,20.63033533769208,0.43277777777777776,0.6875,0.06368965830337256,73.63615226143862,0.15848986969031567
2.0,PatchTST,2022,Local receptive field,400,0.31012188551120246,3.1093935465623312,33.701052631578904,30.591659085016573,0.43583333333333335,0.6875,0.0635545715302229,73.5666753426823,0.1567569093020625
2.0,PatchTST,2023,Local receptive field,400,0.29543598137049565,3.1093935465623312,31.372540501402874,28.263146954840543,0.43583333333333335,0.6875,0.06368472543004901,73.87074959996446,0.15884029408586145
2.0,TSMixer,2021,Linear and MLP,400,0.23910005391401776,3.1093935465623312,21.285517241379324,18.176123694816994,0.41194444444444445,0.6875,0.06327366803549231,74.05283149913939,0.16374882705280094
2.0,TSMixer,2022,Linear and MLP,400,0.2091694709449175,3.1093935465623312,17.456465760756434,14.347072214194103,0.4025,0.6875,0.0634982592312619,74.9496157570146,0.16375784803487292
2.0,TSMixer,2023,Linear and MLP,400,0.2199578101612687,3.1093935465623312,18.864472736007684,15.755079189445354,0.4211111111111111,0.6875,0.06344761292580514,74.88384341492329,0.16434886182768493
2.0,Transformer,2021,Global attention,400,0.0758192758631629,3.1093935465623312,7.2813691226806005,4.171975576118269,0.4772222222222222,0.6875,0.06492664890866727,76.40280219120017,0.15734837772073473
2.0,Transformer,2022,Global attention,400,0.10749938642825294,3.1093935465623312,9.05841904532498,5.949025498762649,0.4725,0.6875,0.06465521074999124,75.89636908115064,0.1580539972088387
2.0,Transformer,2023,Global attention,400,0.10616647965777366,3.1093935465623312,8.981442452658914,5.872048906096583,0.44222222222222224,0.6875,0.06486179654430599,75.86136477552174,0.15863409261683895
5.0,Autoformer,2021,Decomposition,400,0.15008026217163636,5.996068592602471,2.527872597162086,3.4681959954403854,0.21138888888888888,0.43416666666666665,0.07086200425997376,84.45165195443641,0.2871883188909174
5.0,Autoformer,2022,Decomposition,400,0.15710608480065247,5.996068592602471,2.8815640369392246,3.1145045556632467,0.4002777777777778,0.43416666666666665,0.07256275133639574,88.8609390862412,0.208364819715986
5.0,Autoformer,2023,Decomposition,400,0.06819179846031137,5.996068592602471,3.1690407781443075,2.8270278144581638,0.28805555555555556,0.43416666666666665,0.07079362769797444,82.3022974758745,0.2000463829124298
5.0,CSDI,2021,Probabilistic,400,0.002531293699828823,5.996068592602471,5.182294113178931,0.8137744794235404,0.5219722222222223,0.43416666666666665,0.06370656966045499,71.49797347825485,0.1689193190450925
5.0,CSDI,2022,Probabilistic,400,0.002161250243562303,5.996068592602471,5.213211098152824,0.7828574944496474,0.5377777777777778,0.43416666666666665,0.05989374781176448,64.91748493711428,0.1555560615800655
5.0,CSDI,2023,Probabilistic,400,0.0008872302671112423,5.996068592602471,5.561338920789259,0.4347296718132121,0.4948611111111111,0.43416666666666665,0.05904012551940978,64.74032041936034,0.15634157528884693
5.0,DLinear,2021,Decomposition,400,0.0037465440916402675,5.996068592602471,7.269775023783197,1.2737064311807256,0.22055555555555556,0.43416666666666665,0.06405562399849296,70.48169708031526,0.17012397979996902
5.0,DLinear,2022,Decomposition,400,0.0027978675766776465,5.996068592602471,7.163569228279066,1.1675006356765945,0.2038888888888889,0.43416666666666665,0.0641090393897146,71.17129894565299,0.1689640272299037
5.0,DLinear,2023,Decomposition,400,0.0026222031054027265,5.996068592602471,7.028803578588374,1.0327349859859023,0.2036111111111111,0.43416666666666665,0.06411700244098903,70.92071150085071,0.17128039973626863
5.0,FITS,2021,Decomposition,400,0.0097813197392506,5.996068592602471,4.425195029676563,1.5708735629259083,0.2675,0.43416666666666665,0.06822565320134162,75.88744909690378,0.19281662586674428
5.0,FITS,2022,Decomposition,400,0.010035092522953882,5.996068592602471,4.367803547066849,1.6282650455356222,0.2761111111111111,0.43416666666666665,0.06822695254795252,75.77460908767799,0.1931558576921379
5.0,FITS,2023,Decomposition,400,0.009281139272722444,5.996068592602471,4.43813941888016,1.5579291737223109,0.26694444444444443,0.43416666666666665,0.06823774971663953,75.90234617085517,0.1931175284989136
5.0,FreMLP,2021,Decomposition,400,0.07122785209092894,5.996068592602471,22.918768822418482,16.92270022981601,0.27166666666666667,0.43416666666666665,0.059574497318640354,60.33452906824288,0.15063628067469373
5.0,FreMLP,2022,Decomposition,400,0.07627135557557471,5.996068592602471,24.47094480387014,18.47487621126767,0.2658333333333333,0.43416666666666665,0.05949623299986124,60.337688413931765,0.1523753645194752
5.0,FreMLP,2023,Decomposition,400,0.07064665719149757,5.996068592602471,22.732525028927917,16.736456436325447,0.2633333333333333,0.43416666666666665,0.05983750126324594,61.46304421598215,0.15373347058737163
5.0,Linear,2021,Linear and MLP,400,0.0033481752206342124,5.996068592602471,7.059556443982981,1.0634878513805095,0.22027777777777777,0.43416666666666665,0.0643806056343019,70.84737283485188,0.17100165796958955
5.0,Linear,2022,Linear and MLP,400,0.003257761780235572,5.996068592602471,7.148712276348635,1.152643683746164,0.2125,0.43416666666666665,0.06437969986610115,70.87551124693259,0.17245753527035532
5.0,Linear,2023,Linear and MLP,400,0.005016762053607306,5.996068592602471,7.58052461252117,1.584456019918699,0.20472222222222222,0.43416666666666665,0.06440369217954577,71.18405416319,0.17186764688788606
5.0,MICN_Mean,2021,Local receptive field,400,0.06737608883522267,5.996068592602471,21.755861493533594,15.759792900931123,0.29555555555555557,0.43416666666666665,0.05859174382947385,59.84660406021787,0.15476106644716672
5.0,MICN_Mean,2022,Local receptive field,400,0.06454613836370421,5.996068592602471,20.975368700038487,14.979300107436016,0.29305555555555557,0.43416666666666665,0.058590469478815806,60.24419235976644,0.15391418401930032
5.0,MICN_Mean,2023,Local receptive field,400,0.060151419441518944,5.996068592602471,19.800922350118093,13.804853757515621,0.2875,0.43416666666666665,0.058688171723485,60.277668981301005,0.15467451702882165
5.0,MICN_Regre,2021,Local receptive field,400,0.05033249333314106,5.996068592602471,17.296373571783395,11.300304979180924,0.2980555555555556,0.43416666666666665,0.05880214254707099,60.28789415106734,0.1548450906903096
5.0,MICN_Regre,2022,Local receptive field,400,0.0408323221539327,5.996068592602471,15.12210971403137,9.126041121428898,0.29305555555555557,0.43416666666666665,0.058624799825251095,60.30741767328432,0.154206003001826
5.0,MICN_Regre,2023,Local receptive field,400,0.0565063737061447,5.996068592602471,18.83713884223876,12.841070249636287,0.2777777777777778,0.43416666666666665,0.05882260741963983,60.11015388348061,0.15342676464416086
5.0,MLinear,2021,Linear and MLP,400,0.0398490012087913,5.996068592602471,3.303528357157721,2.69254023544475,0.24083333333333334,0.43416666666666665,0.07021607656776906,77.04750913841839,0.18708668796392008
5.0,MLinear,2022,Linear and MLP,400,0.08061510619875195,5.996068592602471,3.16644415527352,2.829624437328951,0.26166666666666666,0.43416666666666665,0.0709448015552014,78.22805434102804,0.19219797468958183
5.0,MLinear,2023,Linear and MLP,400,0.11916242111588474,5.996068592602471,2.772177078107431,3.2238915144950404,0.3055555555555556,0.43416666666666665,0.07092587583214044,78.29668866173319,0.18639062172706428
5.0,ModernTCN,2021,Local receptive field,400,0.04860959702922791,5.996068592602471,3.5544794998661073,2.441589092736364,0.33555555555555555,0.43416666666666665,0.06812743024118245,73.68340219265546,0.17035357086392489
5.0,ModernTCN,2022,Local receptive field,400,0.0020790139329687164,5.996068592602471,5.452608408540611,0.5434601840618605,0.3983333333333333,0.43416666666666665,0.06904010088555515,68.88792084347176,0.15751713181587432
5.0,ModernTCN,2023,Local receptive field,400,0.03665468800321537,5.996068592602471,3.577171646349176,2.4188969462532954,0.35638888888888887,0.43416666666666665,0.06903626831062137,69.91775994490914,0.15951161290356222
5.0,NBeats,2021,Linear and MLP,400,0.09913636389407723,5.996068592602471,33.07213420316874,27.076065610566268,0.2866666666666667,0.43416666666666665,0.05969378730170429,61.3023525307819,0.15246910193099342
5.0,NBeats,2022,Linear and MLP,400,0.11253299846809992,5.996068592602471,39.47541745317254,33.47934886057007,0.27694444444444444,0.43416666666666665,0.05975747575126588,61.23971403279016,0.15337695900936188
5.0,NBeats,2023,Linear and MLP,400,0.11961029400412837,5.996068592602471,43.08958735733093,37.09351876472846,0.2777777777777778,0.43416666666666665,0.05909139428287744,60.168337140106104,0.15351453898353662
5.0,PatchTST,2021,Local receptive field,400,0.17078717023728715,5.996068592602471,85.19921000658302,79.20314141398055,0.27694444444444444,0.43416666666666665,0.060229849245771766,58.981505261347266,0.15314635481228334
5.0,PatchTST,2022,Local receptive field,400,0.14757108757860987,5.996068592602471,62.567155635062484,56.571087042460015,0.2752777777777778,0.43416666666666665,0.060181218395382166,59.48671844654417,0.15296360251644678
5.0,PatchTST,2023,Local receptive field,400,0.15481519213325504,5.996068592602471,67.81079420798602,61.81472561538355,0.27555555555555555,0.43416666666666665,0.0603204109210521,59.23898540196291,0.15391776553273176
5.0,TSMixer,2021,Linear and MLP,400,0.09853790885084257,5.996068592602471,32.85623029193369,26.860161699331222,0.26472222222222225,0.43416666666666665,0.0595553705971688,60.69422330396083,0.15333176743461407
5.0,TSMixer,2022,Linear and MLP,400,0.10359721479903325,5.996068592602471,34.77821103627552,28.782142443673052,0.24333333333333335,0.43416666666666665,0.05962239341959357,60.92387768069996,0.15549093446334092
5.0,TSMixer,2023,Linear and MLP,400,0.1027408181254008,5.996068592602471,34.86842164220904,28.872353049606573,0.2633333333333333,0.43416666666666665,0.05934114776290953,60.77198613219661,0.15408493643466614
5.0,Transformer,2021,Global attention,400,0.04270238141785955,5.996068592602471,15.53348136028982,9.537412767687348,0.31027777777777776,0.43416666666666665,0.061523240563645956,64.1292953483545,0.15861576022231094
5.0,Transformer,2022,Global attention,400,0.05650269748371992,5.996068592602471,18.835822737087433,12.839754144484962,0.2997222222222222,0.43416666666666665,0.06102874978221953,62.49705563868978,0.15593161060251468
5.0,Transformer,2023,Global attention,400,0.06507651081961291,5.996068592602471,21.1797880039164,15.183719411313929,0.25472222222222224,0.43416666666666665,0.06081216061785817,63.07820700494836,0.1605018115345924
10.0,Autoformer,2021,Decomposition,400,0.2722267056698112,11.187140812506877,2.5054227606499095,8.681718051856969,0.21944444444444444,0.35833333333333334,0.06681334455404431,78.03586591542566,0.19287774448482853
10.0,Autoformer,2022,Decomposition,400,0.2724147175778936,11.187140812506877,2.845287833768918,8.34185297873796,0.4077777777777778,0.35833333333333334,0.07014943225551397,87.6729228277968,0.19268814126824338
10.0,Autoformer,2023,Decomposition,400,0.13255768513179975,11.187140812506877,3.380529937604425,7.806610874902452,0.2872222222222222,0.35833333333333334,0.06569482133630662,72.5039142822663,0.1555566162612574
10.0,CSDI,2021,Probabilistic,400,0.03628498430728412,11.187140812506879,5.1981850732620405,5.9889557392448385,0.5143888888888888,0.35833333333333334,0.05785523510873318,65.28218873980317,0.1411800955349993
10.0,CSDI,2022,Probabilistic,400,0.0366653381797309,11.187140812506879,5.160941393136289,6.02619941937059,0.5393611111111111,0.35833333333333334,0.05179378171321005,55.62509780771123,0.1242759875312744
10.0,CSDI,2023,Probabilistic,400,0.026511693492527445,11.187140812506879,5.685990589826664,5.501150222680215,0.4798333333333334,0.35833333333333334,0.0489047465313226,51.35801079691984,0.1205766628474509
10.0,DLinear,2021,Decomposition,400,0.004054225080395715,11.187140812506877,8.556720653820708,2.630420158686169,0.2338888888888889,0.35833333333333334,0.06056453748382628,62.3268120352376,0.13417085797755568
10.0,DLinear,2022,Decomposition,400,0.010105722204899158,11.187140812506877,7.1781777861418945,4.008963026364983,0.2238888888888889,0.35833333333333334,0.0605798838250339,62.70090265203757,0.13413011821884885
10.0,DLinear,2023,Decomposition,400,0.009668304714080913,11.187140812506877,7.326315789473684,3.8608250230331933,0.2436111111111111,0.35833333333333334,0.060563624647818504,62.29746195669866,0.13440333407641186
10.0,FITS,2021,Decomposition,400,0.05478374981560707,11.187140812506877,4.517569355336058,6.669571457170819,0.27305555555555555,0.35833333333333334,0.064937504587695,69.96803633462268,0.15787950161754555
10.0,FITS,2022,Decomposition,400,0.04794173541430192,11.187140812506877,4.723417196932614,6.4637236155742634,0.27444444444444444,0.35833333333333334,0.06495608796086164,70.09892324942759,0.15777406827933202
10.0,FITS,2023,Decomposition,400,0.056260638262465856,11.187140812506877,4.466643453361682,6.720497359145195,0.2677777777777778,0.35833333333333334,0.06495307481940835,70.07089536230808,0.15828971345248286
10.0,FreMLP,2021,Decomposition,400,0.03775168150048169,11.187140812506877,43.78471361502352,32.597572802516645,0.2927777777777778,0.35833333333333334,0.05247389687895774,46.56640369510458,0.12102676728584977
10.0,FreMLP,2022,Decomposition,400,0.03670468381409239,11.187140812506877,42.60780887858802,31.42066806608114,0.295,0.35833333333333334,0.052363690796308225,46.173645549287386,0.12049534354851658
10.0,FreMLP,2023,Decomposition,400,0.03775896071045261,11.187140812506877,43.7877183098591,32.600577497352226,0.28583333333333333,0.35833333333333334,0.05259139083325863,46.62048893997939,0.12216836389793417
10.0,Linear,2021,Linear and MLP,400,0.004605029853983266,11.187140812506877,8.409487658190782,2.777653154316095,0.2313888888888889,0.35833333333333334,0.06091266578119248,62.78414965279018,0.1353578557257406
10.0,Linear,2022,Linear and MLP,400,0.005488927942412908,11.187140812506877,8.105316455696203,3.0818243568106745,0.2338888888888889,0.35833333333333334,0.06090299935024232,62.55591837257307,0.13519227524082808
10.0,Linear,2023,Linear and MLP,400,0.005491771427917076,11.187140812506877,8.15228722198841,3.034853590518468,0.23222222222222222,0.35833333333333334,0.060901475397311146,62.528017670312586,0.1352628982919727
10.0,MICN_Mean,2021,Local receptive field,400,0.03528806781333484,11.187140812506877,41.06207125103555,29.874930438528672,0.2911111111111111,0.35833333333333334,0.050482007255777714,44.9290866022618,0.11809126274343386
10.0,MICN_Mean,2022,Local receptive field,400,0.03537605812467043,11.187140812506877,41.453177091929305,30.26603627942243,0.2891666666666667,0.35833333333333334,0.050613648902438586,45.55567514829494,0.11839268832213329
10.0,MICN_Mean,2023,Local receptive field,400,0.04413538514266939,11.187140812506877,51.68939740655986,40.50225659405299,0.28444444444444444,0.35833333333333334,0.050459149872325366,44.896488769642026,0.11736346263864317
10.0,MICN_Regre,2021,Local receptive field,400,0.032460387628765575,11.187140812506877,38.20387096774195,27.016730155235074,0.29555555555555557,0.35833333333333334,0.0508411185791716,45.40535445671367,0.11744107088271713
10.0,MICN_Regre,2022,Local receptive field,400,0.027833590763998987,11.187140812506877,33.99805143310299,22.81091062059611,0.28444444444444444,0.35833333333333334,0.05060578984413296,45.30604659903129,0.11799726359915773
10.0,MICN_Regre,2023,Local receptive field,400,0.030114822471114012,11.187140812506877,36.18914611005692,25.002005297550042,0.2772222222222222,0.35833333333333334,0.05073198722880333,45.186824867658814,0.11665311033445824
10.0,MLinear,2021,Linear and MLP,400,0.10516648782357227,11.187140812506877,3.5130658090471627,7.6740750034597145,0.23194444444444445,0.35833333333333334,0.06733791296686978,71.77929401825672,0.15323066621621018
10.0,MLinear,2022,Linear and MLP,400,0.15469479821175597,11.187140812506877,3.397406482469252,7.789734330037625,0.25194444444444447,0.35833333333333334,0.06828839692194015,74.75962782583687,0.1505636050686017
10.0,MLinear,2023,Linear and MLP,400,0.2155317994269344,11.187140812506877,2.860426621198002,8.326714191308875,0.28833333333333333,0.35833333333333334,0.06826378000769764,74.8431493332594,0.14994688947016363
10.0,ModernTCN,2021,Local receptive field,400,0.11719958945126038,11.187140812506877,3.8407242986210175,7.34641651388586,0.325,0.35833333333333334,0.06460890651531517,68.74266622339219,0.1450904335142871
10.0,ModernTCN,2022,Local receptive field,400,0.010355601442310038,11.187140812506877,7.316270309174156,3.8708705033327213,0.39,0.35833333333333334,0.06376957029514015,59.35238578493328,0.1262682029701083
10.0,ModernTCN,2023,Local receptive field,400,0.10976337366811297,11.187140812506877,3.537397704688626,7.649743107818251,0.3486111111111111,0.35833333333333334,0.06528871025312692,64.78895179675284,0.12949776429015375
10.0,NBeats,2021,Linear and MLP,400,0.05933458469114277,11.187140812506877,75.67397986221492,64.48683904970804,0.29833333333333334,0.35833333333333334,0.052114452823251486,46.337588449595756,0.11766186189162658
10.0,NBeats,2022,Linear and MLP,400,0.07073824704654263,11.187140812506877,99.52059645852815,88.33345564602126,0.2975,0.35833333333333334,0.0519257748791948,45.64080933703384,0.11902494857252108
10.0,NBeats,2023,Linear and MLP,400,0.06904579334877649,11.187140812506877,94.51913419913426,83.33199338662737,0.2911111111111111,0.35833333333333334,0.05208595421798527,46.21909015549747,0.11598785501518216
10.0,PatchTST,2021,Local receptive field,400,0.12972732248678148,11.187140812506877,482.0072727272583,470.8201319147514,0.2816666666666667,0.35833333333333334,0.05307022961843758,43.1674036020974,0.11615500960763361
10.0,PatchTST,2022,Local receptive field,400,0.10776903539709906,11.187140812506877,246.2769230769241,235.08978226441724,0.29305555555555557,0.35833333333333334,0.053141557528823616,43.9506573912774,0.11565112409083805
10.0,PatchTST,2023,Local receptive field,400,0.08727353580805258,11.187140812506877,150.15410526315694,138.96696445065007,0.2927777777777778,0.35833333333333334,0.05323399202264846,43.72671208433108,0.11554034160185819
10.0,TSMixer,2021,Linear and MLP,400,0.0625000064116647,11.187140812506877,79.98893777498441,68.80179696247752,0.27666666666666667,0.35833333333333334,0.051831799215078356,45.14094812130072,0.11881387964537135
10.0,TSMixer,2022,Linear and MLP,400,0.06630421891008512,11.187140812506877,91.12956713132836,79.94242631882148,0.27305555555555555,0.35833333333333334,0.051825775434821836,45.518406645084994,0.11957636699972102
10.0,TSMixer,2023,Linear and MLP,400,0.07312496586205672,11.187140812506877,109.82082912032308,98.6336883078162,0.2841666666666667,0.35833333333333334,0.05144151796661317,44.79031179315823,0.11934166367892456
10.0,Transformer,2021,Global attention,400,0.018298887613749988,11.187140812506877,26.206547899159666,15.01940708665279,0.3202777777777778,0.35833333333333334,0.054059732785634695,50.03374675354602,0.11974077784610479
10.0,Transformer,2022,Global attention,400,0.02326696029031347,11.187140812506877,30.183264698151223,18.996123885644344,0.32416666666666666,0.35833333333333334,0.05346210195217282,49.164283245508216,0.12041609337346917
10.0,Transformer,2023,Global attention,400,0.022640945862667863,11.187140812506877,29.58370994071658,18.396569128209705,0.31194444444444447,0.35833333333333334,0.052818480772525066,48.463061744706636,0.12267687198438768
