D,model,group,kl_rate_mean,kl_rate_std,dwell_abs_err_mean,dwell_abs_err_std,frac_between_mean,frac_between_std,mae_mean,mae_std,phase_mean,phase_std,freq_mean,freq_std
2.0,Autoformer,Decomposition,0.054794644424146194,0.02590856004104601,0.5761850205929849,0.3926406428102935,0.3374074074074074,0.07625965499150826,0.07106388161064436,8.261640714615712e-05,89.44157733237266,0.5858614996577856,0.21117222890247134,0.05702448148599343
2.0,CSDI,Probabilistic,0.03171789585499083,0.002258205352867176,2.0092536696654184,0.10525283686834688,0.5503611111111111,0.03330013392995723,0.06587093629861872,0.001204865784652661,76.27676558332591,1.9196868777265224,0.15905967116083689,0.011221517455568276
2.0,DLinear,Decomposition,0.0378626148280018,0.003918563967518004,2.300243119044867,0.18268642450889327,0.29370370370370374,0.004971627318021811,0.06534340325140704,2.3007487206448495e-06,79.03156774673833,0.1497284196298543,0.17968573976731136,0.0002734031004656667
2.0,FITS,Decomposition,0.002155917021272902,0.0008465693730041957,0.3446857241976429,0.06809894935317881,0.3249074074074074,0.0051395144764362554,0.06815990466922521,6.611185512922509e-06,81.82583912414633,0.04633531909467634,0.18396810591283463,0.0011074416242494297
2.0,FreMLP,Decomposition,0.13006833347607694,0.0006237809961144962,7.395993347678368,0.049205719960482064,0.41814814814814816,0.0012830005981991485,0.06348696418196584,5.5606328244544775e-05,74.9581692311019,0.4805820665140003,0.1633674504357461,0.0018010851014833903
2.0,Linear,Linear and MLP,0.03315440289049034,0.004807847336368552,2.075075088750306,0.22721663180086865,0.29564814814814816,0.001579511306410392,0.06568467300894361,1.8053087119387642e-07,79.71010997623942,0.017635831008766402,0.17824225270421135,0.00024057265832661714
2.0,MICN_Mean,Local receptive field,0.10293281270392331,0.0014230151587604056,5.673851229966842,0.09387972211266772,0.4306481481481481,0.002121562821738801,0.06290965433629851,3.6464213917047184e-05,74.08703476265708,0.14113673214345263,0.15953121282195493,0.0005707075188024885
2.0,MICN_Regre,Local receptive field,0.08808789321984394,0.005674889437002911,4.829538562622336,0.3146343423028131,0.4255555555555555,0.018598669141289687,0.06296914201397448,8.662629542226839e-05,73.94673037822658,0.49219372591440413,0.1587436640763026,0.0015558800067531204
2.0,MLinear,Linear and MLP,0.03563323575164342,0.02538589341304345,0.2264724089884429,0.170721713590533,0.3325925925925926,0.005516063336520931,0.07032892965829621,0.00020698125493165162,85.06296628107505,1.0037475306317503,0.17836830621387736,0.005374648550473273
2.0,ModernTCN,Local receptive field,0.02118756184059437,0.017897208572090224,0.87343427097522,1.0396547630247355,0.41898148148148157,0.07708637798458229,0.06879044005461037,0.0006857550826132396,78.95603880523879,1.5829610779701022,0.1659205871214203,0.011092487300197266
2.0,NBeats,Linear and MLP,0.18581219654646555,0.017863319735215502,12.127255687106233,1.6873880145202758,0.44555555555555554,0.00393817968854383,0.06325825167242437,3.121630782917463e-05,74.1650741930513,0.13410113469476903,0.15744067310185672,0.0011271654502478532
2.0,PatchTST,Local receptive field,0.2872882481348223,0.027817313652805625,26.495047125849734,5.210722162398482,0.4348148148148148,0.001764125822523876,0.06364298508788148,7.660810135483792e-05,73.69119240136179,0.15933408686623024,0.1580290243594132,0.001115529853299401
2.0,SeasonalNaive,Floor,0.04162703204639728,0.0,2.4687942537332965,0.0,0.7483333333333334,0.0,0.08237212108988315,0.0,82.43263211234172,0.0,0.1229672923401078,0.0
2.0,TSMixer,Linear and MLP,0.22274244500673465,0.015158350590828994,16.09275836615215,1.9367315844228696,0.41185185185185186,0.009305901043890528,0.06340651339751978,0.00011780144194050877,74.62876355702576,0.4998547806333087,0.16395184563845291,0.0003438556898084119
2.0,Transformer,Global attention,0.0964950473163965,0.01791814175645621,5.331016660325834,1.0044966526153303,0.4639814814814815,0.018991415647938294,0.06481455206765484,0.00014175224487425012,76.05351201595751,0.30300007465992823,0.15801215584880413,0.0006438778790059602
5.0,Autoformer,Decomposition,0.1251260484775334,0.04943148960603211,3.1365761218539316,0.3211534284444043,0.2999074074074074,0.09500054147560653,0.07140612776478132,0.001002248673418077,85.2049628388507,3.3435838421880764,0.23186650717311105,0.04809029253933689
5.0,CSDI,Probabilistic,0.0018599247368341228,0.0008624580792441594,0.6771205485621333,0.21048507747178188,0.5182037037037037,0.02170510005304649,0.060880147663876415,0.002484685841622364,67.05192627824316,3.851408650758394,0.16027231863800165,0.007498814571440152
5.0,DLinear,Decomposition,0.00305553825790688,0.0006048398947715458,1.157980684281074,0.12076746853250764,0.20935185185185187,0.009703686033345519,0.0640938886097322,3.3376457292037354e-05,70.85790250893966,0.34906505162788903,0.17012280225538046,0.0011581867021423083
5.0,FITS,Decomposition,0.009699183844975643,0.00038362886326487143,1.5856892607279471,0.03743544299131033,0.27018518518518514,0.00513951447643625,0.06823011848864456,6.6406931819876255e-06,75.8548014518123,0.06984691941787559,0.19303000401926526,0.0001857820194293794
5.0,FreMLP,Decomposition,0.0727152882860004,0.003093324716832444,17.378010959136375,0.9544667221298107,0.26694444444444443,0.004276334532872418,0.059636077193915844,0.00017877378912360448,60.7117538993856,0.650638417421771,0.1522483719271802,0.001552495306811528
5.0,Linear,Linear and MLP,0.0038742330181590298,0.0009904913402867062,1.2668625183484574,0.27863311861826195,0.2125,0.007777777777777772,0.0643879992266496,1.3598039636626012e-05,70.9689794149915,0.1867908002100134,0.17177561337594363,0.0007322890851375455
5.0,MICN_Mean,Local receptive field,0.06402454888014861,0.0036404675048813014,14.847982255294253,0.9840630301626404,0.29203703703703704,0.004123230384854165,0.058623461677258216,5.604416610499348e-05,60.12282180042843,0.2397964783991105,0.15444992249842956,0.00046597691892276617
5.0,MICN_Regre,Local receptive field,0.049223729731072814,0.007895631105827031,11.08913878341537,1.8664950381752725,0.2896296296296296,0.010564080378276332,0.05874984993065397,0.0001087789014389621,60.23515523594409,0.10869358568109269,0.1541592861120988,0.0007103161578728917
5.0,MLinear,Linear and MLP,0.07987550950780932,0.039661882163970374,2.915352062422914,0.2758540641630699,0.26935185185185184,0.03303843316266108,0.07069558465170363,0.00041537398530396913,77.8574173803932,0.7022401211898411,0.1885584281268554,0.003171096251805199
5.0,ModernTCN,Local receptive field,0.029114432988470662,0.024164340981806382,1.80131540768384,1.089393664417426,0.3634259259259259,0.031975025619606405,0.06873459981245299,0.0005258277649243101,70.82969432701212,2.5244560959815425,0.16246077186112048,0.00690772725115063
5.0,NBeats,Linear and MLP,0.11042655212210184,0.010398234979756955,32.54964441195494,5.073027172733219,0.28046296296296297,0.005388697972944977,0.05951421911194921,0.0003675590860141596,60.90346790122606,0.6374118153252784,0.15312019997463064,0.0005680480253857525
5.0,PatchTST,Local receptive field,0.15772448331638403,0.011878325003754013,65.86298469060803,11.846677695622876,0.2759259259259259,0.0008929306260178403,0.06024382618740201,7.064103604559671e-05,59.23573636995145,0.2526222630350643,0.15334257428715395,0.000506441829976928
5.0,SeasonalNaive,Floor,0.025636551220418108,0.0,5.999655613050888,0.0,0.4961111111111111,0.0,0.07796418770067394,0.0,76.65123158815197,0.0,0.17746865856079239,0.0
5.0,TSMixer,Linear and MLP,0.1016253139250922,0.002707841646963312,28.171552397536953,1.1365930058121516,0.25712962962962965,0.01196810748229722,0.05950630392655729,0.00014690280281390793,60.79669570561913,0.1168041328588216,0.1543025461108737,0.0010959087748848605
5.0,Transformer,Global attention,0.05476052990706413,0.011288346979095922,12.520295441162078,2.8366767661846786,0.28824074074074074,0.029503783673095314,0.061121383654574556,0.0003644783231634016,63.23485266399755,0.8273179644645747,0.15834972745313933,0.0022966854846921936
10.0,Autoformer,Decomposition,0.22573303612650153,0.08069227572611148,8.27672730183246,0.4411736145029824,0.3048148148148148,0.09539122389773506,0.0675525327152883,0.0023174746953683856,79.40423434182958,7.676524550626977,0.18037416733810976,0.021492838770950366
10.0,CSDI,Probabilistic,0.033154005326514156,0.005755553591272627,5.838768460431882,0.2929783759498862,0.5111944444444444,0.029892180219442073,0.052851254451088604,0.004567986196028461,57.421765781478086,7.133841510871916,0.12867758197124154,0.010984347264996986
10.0,DLinear,Decomposition,0.007942750666458595,0.0033746565662919953,3.500069402694782,0.7567718101986528,0.23379629629629628,0.009861437135977253,0.06056934865222623,9.135136395257093e-06,62.441725547991275,0.22493317946431896,0.1342347700909388,0.00014739503005120882
10.0,FITS,Decomposition,0.05299537449745828,0.004438440137956166,6.617930810630092,0.135953139457005,0.27175925925925926,0.003517299983930101,0.06494888912265499,9.97373964698472e-06,70.04595164878612,0.06891652740806012,0.1579810944497868,0.00027242120662778965
10.0,FreMLP,Decomposition,0.037405108675008895,0.0006065966419845069,32.206272788650004,0.680355305806928,0.2912037037037037,0.004781759753213084,0.0524763261695082,0.00011386945506253249,46.45351272812379,0.24387605821539005,0.12123015824410018,0.000854853896180424
10.0,Linear,Linear and MLP,0.005195243074771084,0.0005111416201474886,2.9647770338817456,0.16374697844325076,0.2325,0.0012729376930432918,0.06090571350958198,6.068868802642371e-06,62.622695231891946,0.14051782740046068,0.13527100975284712,8.308773130916276e-05
10.0,MICN_Mean,Local receptive field,0.03826650369355822,0.005082790834916691,33.54774110400137,6.025960937536959,0.28824074074074074,0.0034284275151062224,0.05051826867684722,8.338858177212523e-05,45.12708350673292,0.37152893707690515,0.11794913790140343,0.0005291275648939037
10.0,MICN_Regre,Local receptive field,0.030136266954626192,0.0023134729750654767,24.943215357793743,2.103526011783569,0.28574074074074074,0.00923515380725313,0.05072629855070263,0.00011776745805875633,45.29940864113459,0.10941591377354354,0.11736381493877769,0.0006753986677556041
10.0,MLinear,Linear and MLP,0.1584643618207542,0.05527913447837727,7.930174508268738,0.34824856083736117,0.2574074074074074,0.02858862834733231,0.06796336329883586,0.000541795705440777,73.79402372578433,1.7453067943333842,0.15124705358499183,0.001745314824146602
10.0,ModernTCN,Local receptive field,0.0791061881872278,0.05965573492650332,6.289010041678945,2.099654942087299,0.35453703703703704,0.03290269667610347,0.06455572902119408,0.0007609648069383797,64.29466793502611,4.714613354263382,0.13361880025818304,0.010065102769067875
10.0,NBeats,Linear and MLP,0.06637287502882062,0.0061537994798220134,78.71742936078556,12.575210997606975,0.29564814814814816,0.003951220054324434,0.052042060640143856,0.00010170951909804139,46.065829314042354,0.37281623766715,0.11755822182644327,0.0015211969847264337
10.0,PatchTST,Local receptive field,0.10825663123064437,0.02123109307391927,281.6256262099396,170.7507533446946,0.2891666666666667,0.006496675313070284,0.05314859305663655,8.210758337045446e-05,43.614924359235296,0.40341541390702673,0.11578215843344329,0.0003276151530950197
10.0,SeasonalNaive,Floor,0.003786615593648667,0.0,4.576654843360137,0.0,0.3952777777777778,0.0,0.05803788306545466,0.0,57.127157490774664,0.0,0.1341696094797588,0.0
10.0,TSMixer,Linear and MLP,0.06730973039460218,0.0053833754132273206,82.4593038630384,15.074363659520113,0.27796296296296297,0.00566784664548256,0.05169969753883779,0.00022361035333300146,45.14988885318132,0.3641297582805952,0.11924397010800564,0.00039051858692635324
10.0,Transformer,Global attention,0.021402264588910442,0.0027057688377561274,17.47070003350228,2.1439436350441143,0.3187962962962963,0.006244339000032337,0.05344677183677752,0.0006207679915561883,49.220363914586954,0.7868428244137636,0.12094458106798722,0.0015377375034958112
