paradigm,condition,signal,metric,bin_lo,bin_hi,n_windows,n_groups,n_units,p_file,eps2_file,median_Local receptive field,median_Global attention,median_Decomposition,median_Linear and MLP,median_Probabilistic,median_Floor
clean,,Drift_Harmonic,phase,0.0,0.05,5588,5,160,4.734263696930644e-19,0.5683277900220395,0.9591266751388983,1.6954424221349358,0.5081904524896104,0.6791690034215202,2.011006859697484,
clean,,Drift_Harmonic,freq,0.0,0.05,5588,5,160,0.03882675818111317,0.03933480264476085,0.00022659135302843803,0.00022674148059276256,0.0001673062330966868,0.00015772296009797238,0.00045111424305988024,
clean,,Drift_Harmonic,phase,0.05,0.1,1758,5,158,6.325872361730383e-20,0.6026265611342958,2.547613911638247,3.0655371935915263,1.6085462370404768,2.527391592844867,4.134534362457673,
clean,,Drift_Harmonic,freq,0.05,0.1,1758,5,158,0.17497540891081315,0.015311757138343129,0.0007644836349844919,0.0004352709482423611,0.0006239410571422521,0.0005598958774122309,0.0013281083019757167,
clean,,Drift_Harmonic,phase,0.1,0.2,2005,5,201,8.650717118463361e-14,0.32268438043576636,1.1811486584878157,3.5880868282395983,3.5714357522409728,3.948170789215516,8.351211120316643,
clean,,Drift_Harmonic,freq,0.1,0.2,2005,5,201,2.944462584337581e-06,0.13817810025361213,0.00024537875621999383,0.0006217696797061745,0.0009979941869575626,0.0010223986209483837,0.003358218245212208,
clean,,Drift_Harmonic,phase,0.2,inf,7449,5,280,5.334928238594142e-12,0.19905605675463364,2.08493021685452,9.684277461683935,59.989790428753906,39.992563670030506,17.852346778298415,
clean,,Drift_Harmonic,freq,0.2,inf,7449,5,280,1.3279906109553642e-23,0.39804796182465246,0.0008694036309175313,0.002339388101764428,0.0651786013263762,0.04436104094016624,0.010359443498679455,
clean,,Dual_Phase_Modulation,phase,0.0,0.05,0,0,0,,,,,,,,
clean,,Dual_Phase_Modulation,freq,0.0,0.05,0,0,0,,,,,,,,
clean,,Dual_Phase_Modulation,phase,0.05,0.1,0,0,0,,,,,,,,
clean,,Dual_Phase_Modulation,freq,0.05,0.1,0,0,0,,,,,,,,
clean,,Dual_Phase_Modulation,phase,0.1,0.2,1,0,0,,,13.015485430266082,,,,,
clean,,Dual_Phase_Modulation,freq,0.1,0.2,1,0,0,,,0.599741027293357,,,,,
clean,,Dual_Phase_Modulation,phase,0.2,inf,17999,5,300,9.013030912826456e-11,0.1657073438819753,54.31709160536714,75.990557539554,67.12675009801103,60.49264269396029,73.54760187610769,
clean,,Dual_Phase_Modulation,freq,0.2,inf,17999,5,300,0.37049696790745484,0.0009206216566249399,0.059719668672172266,0.08608077291377292,0.04709925657239861,0.029283118595359647,0.08855931522401078,
clean,,Single_Phase_Modulation,phase,0.0,0.05,37,2,14,0.038765574177637166,0.27259259259259255,1.942934459090165,,,1.947721513881995,2.594577479666418,
clean,,Single_Phase_Modulation,freq,0.0,0.05,37,2,14,0.16151331846753866,0.07999999999999947,0.00151307746064,,,0.001125925393586913,0.0007892990987208304,
clean,,Single_Phase_Modulation,phase,0.05,0.1,786,3,91,1.9720891889118753e-05,0.2234961814129451,3.6130545881862552,,,3.3839362284835124,4.561635633614372,
clean,,Single_Phase_Modulation,freq,0.05,0.1,786,3,91,0.8155127531145765,-0.018092313212633826,0.0007722433087568037,,,0.0006048394206856766,0.0010034473413569334,
clean,,Single_Phase_Modulation,phase,0.1,0.2,2566,4,153,1.1719873628580606e-09,0.27863703902025366,6.821692692009815,,7.171758740187428,6.494524402984508,9.222616670162093,
clean,,Single_Phase_Modulation,freq,0.1,0.2,2566,4,153,0.7954380648142426,-0.013261554386107469,0.0009598871539813203,,0.0010816960345684246,0.0006414283848621416,0.0014612697640402628,
clean,,Single_Phase_Modulation,phase,0.2,inf,14211,5,299,3.5096680948638345e-23,0.36559495525178787,15.341124333656303,43.672865980871194,62.16885613962934,30.99582773180835,24.144349277965606,
clean,,Single_Phase_Modulation,freq,0.2,inf,14211,5,299,1.319707930105489e-13,0.21216375911872812,0.0016437849519730374,0.009214044828744938,0.02285945618635926,0.007101626099430325,0.002431605774572798,
state_transition,,Single_Phase_Modulation,phase,0.0,0.05,26,3,26,0.4677907992899748,-0.02089268755935398,2.1310388451348614,,,1.8927893595423395,2.302374854196467,
state_transition,,Single_Phase_Modulation,freq,0.0,0.05,26,3,26,0.8821826790156861,-0.07605598909946658,0.00011677169967527767,,,0.0001385296623006571,0.006914020897314632,
state_transition,,Single_Phase_Modulation,phase,0.05,0.1,356,4,299,0.23350823813716748,0.004313368560753002,3.7676858449540314,,3.699233233169745,4.023985091899136,3.5766701907876857,
state_transition,,Single_Phase_Modulation,freq,0.05,0.1,356,4,299,0.052335167455625525,0.015975651952096655,0.00021431252339876306,,0.00010756572740899806,0.0001921071087389592,0.0005025968460969921,
state_transition,,Single_Phase_Modulation,phase,0.1,0.2,1159,5,854,9.315156696141543e-05,0.023164495149759066,6.690167588688779,5.921645745828172,6.650911668699859,7.124495574188371,7.4288638187220215,
state_transition,,Single_Phase_Modulation,freq,0.1,0.2,1159,5,854,5.239381661622046e-18,0.09796887679716869,0.00033827788240103907,0.00030946343371485163,0.00048674951255445187,0.0002885400728187548,0.0018495906942341822,
state_transition,,Single_Phase_Modulation,phase,0.2,inf,15259,5,2800,1.0011885474145605e-201,0.33414746835491793,18.471965902121955,23.257563670040547,55.61506743663544,34.430098219072846,38.86899740468422,
state_transition,,Single_Phase_Modulation,freq,0.2,inf,15259,5,2800,3.0968520421411766e-17,0.028457519105978008,0.0036842365201174565,0.00447784506440374,0.02739870954521284,0.012590698549142632,0.01651777976816704,
markov_dwell,,Single_Phase_Modulation,phase,0.0,0.05,0,0,0,,,,,,,,
markov_dwell,,Single_Phase_Modulation,freq,0.0,0.05,0,0,0,,,,,,,,
markov_dwell,,Single_Phase_Modulation,phase,0.05,0.1,0,0,0,,,,,,,,
markov_dwell,,Single_Phase_Modulation,freq,0.05,0.1,0,0,0,,,,,,,,
markov_dwell,,Single_Phase_Modulation,phase,0.1,0.2,1,0,0,,,,,,,6.413031802143072,
markov_dwell,,Single_Phase_Modulation,freq,0.1,0.2,1,0,0,,,,,,,0.000886540838383576,
markov_dwell,,Single_Phase_Modulation,phase,0.2,inf,50399,5,840,1.5489313396631306e-18,0.10259638909712336,65.74197405573726,66.08646183536553,75.13509028292131,71.3511914044536,67.37398555203131,
markov_dwell,,Single_Phase_Modulation,freq,0.2,inf,50399,5,840,9.376945425017259e-11,0.058444916011359996,0.09045728794421992,0.08871554852048474,0.1188741253807934,0.09855198054253278,0.09305471003412036,
markov_dwell,D10,Single_Phase_Modulation,phase,0.0,0.05,0,0,0,,,,,,,,
markov_dwell,D10,Single_Phase_Modulation,freq,0.0,0.05,0,0,0,,,,,,,,
markov_dwell,D10,Single_Phase_Modulation,phase,0.05,0.1,0,0,0,,,,,,,,
markov_dwell,D10,Single_Phase_Modulation,freq,0.05,0.1,0,0,0,,,,,,,,
markov_dwell,D10,Single_Phase_Modulation,phase,0.1,0.2,0,0,0,,,,,,,,
markov_dwell,D10,Single_Phase_Modulation,freq,0.1,0.2,0,0,0,,,,,,,,
markov_dwell,D10,Single_Phase_Modulation,phase,0.2,inf,16800,5,280,1.3390857106330696e-11,0.19213132828026036,50.56559362948734,48.885116535652045,67.32482025543156,61.87192063994955,57.17713988001519,
markov_dwell,D10,Single_Phase_Modulation,freq,0.2,inf,16800,5,280,0.0025390760877322433,0.04505140268983682,0.023519408017049104,0.021790791912790042,0.060688764940594386,0.04460597824457291,0.05133383515289863,
markov_dwell,D2,Single_Phase_Modulation,phase,0.0,0.05,0,0,0,,,,,,,,
markov_dwell,D2,Single_Phase_Modulation,freq,0.0,0.05,0,0,0,,,,,,,,
markov_dwell,D2,Single_Phase_Modulation,phase,0.05,0.1,0,0,0,,,,,,,,
markov_dwell,D2,Single_Phase_Modulation,freq,0.05,0.1,0,0,0,,,,,,,,
markov_dwell,D2,Single_Phase_Modulation,phase,0.1,0.2,0,0,0,,,,,,,,
markov_dwell,D2,Single_Phase_Modulation,freq,0.1,0.2,0,0,0,,,,,,,,
markov_dwell,D2,Single_Phase_Modulation,phase,0.2,inf,16800,5,280,5.671348263563542e-08,0.12884486065535922,75.92405770329991,76.38751030468816,81.96581507235017,79.76142572204063,77.00402554640212,
markov_dwell,D2,Single_Phase_Modulation,freq,0.2,inf,16800,5,280,1.45503073715173e-05,0.08607185145815079,0.15808172370926,0.15512246623771148,0.1731565793068463,0.1610438765078991,0.16091876755776774,
markov_dwell,D5,Single_Phase_Modulation,phase,0.0,0.05,0,0,0,,,,,,,,
markov_dwell,D5,Single_Phase_Modulation,freq,0.0,0.05,0,0,0,,,,,,,,
markov_dwell,D5,Single_Phase_Modulation,phase,0.05,0.1,0,0,0,,,,,,,,
markov_dwell,D5,Single_Phase_Modulation,freq,0.05,0.1,0,0,0,,,,,,,,
markov_dwell,D5,Single_Phase_Modulation,phase,0.1,0.2,0,0,0,,,,,,,,
markov_dwell,D5,Single_Phase_Modulation,freq,0.1,0.2,0,0,0,,,,,,,,
markov_dwell,D5,Single_Phase_Modulation,phase,0.2,inf,16800,5,280,6.611611757630142e-12,0.19744234875444858,64.74330180523798,66.17340562770441,74.76547788006727,70.32801054329701,67.57387041746767,
markov_dwell,D5,Single_Phase_Modulation,freq,0.2,inf,16800,5,280,0.0009059452209243875,0.05340236169524443,0.08586072245369125,0.08642801758885776,0.12143775016373759,0.09082959390474049,0.09292541666393145,
real_ppg_A,,BIDMC,phase,0.0,0.05,0,0,0,,,,,,,,
real_ppg_A,,BIDMC,freq,0.0,0.05,0,0,0,,,,,,,,
real_ppg_A,,BIDMC,phase,0.05,0.1,0,0,0,,,,,,,,
real_ppg_A,,BIDMC,freq,0.05,0.1,0,0,0,,,,,,,,
real_ppg_A,,BIDMC,phase,0.1,0.2,7,1,3,,,7.552308333518498,,,7.2735539180024045,,
real_ppg_A,,BIDMC,freq,0.1,0.2,7,1,3,,,0.0003694613671223479,,,0.0002574081124864236,,
real_ppg_A,,BIDMC,phase,0.2,inf,15833,5,165,3.692867980747052e-10,0.2872080678084245,54.46109880382113,74.83612088249032,92.58206677442166,90.10033898625998,87.8932609988363,
real_ppg_A,,BIDMC,freq,0.2,inf,15833,5,165,2.5706972762516316e-09,0.2619409663447179,0.03291371988324343,0.06562337984030653,0.0995121589818806,0.09789407434114261,0.20605827769247909,
real_ppg_A,,DaLiA,phase,0.0,0.05,0,0,0,,,,,,,,
real_ppg_A,,DaLiA,freq,0.0,0.05,0,0,0,,,,,,,,
real_ppg_A,,DaLiA,phase,0.05,0.1,0,0,0,,,,,,,,
real_ppg_A,,DaLiA,freq,0.05,0.1,0,0,0,,,,,,,,
real_ppg_A,,DaLiA,phase,0.1,0.2,0,0,0,,,,,,,,
real_ppg_A,,DaLiA,freq,0.1,0.2,0,0,0,,,,,,,,
real_ppg_A,,DaLiA,phase,0.2,inf,62685,5,45,0.0007676423765432777,0.37630193236715004,83.8814804550192,84.75356785820125,86.84013874879238,84.55136800722013,86.33057393810878,
real_ppg_A,,DaLiA,freq,0.2,inf,62685,5,45,4.8225082249390106e-05,0.5272850241545897,0.21714764801842623,0.27446467809072495,0.47482286728257883,0.2860015068947941,0.24960627405844094,
real_ecg_A,,AFDB,phase,0.0,0.05,0,0,0,,,,,,,,
real_ecg_A,,AFDB,freq,0.0,0.05,0,0,0,,,,,,,,
real_ecg_A,,AFDB,phase,0.05,0.1,0,0,0,,,,,,,,
real_ecg_A,,AFDB,freq,0.05,0.1,0,0,0,,,,,,,,
real_ecg_A,,AFDB,phase,0.1,0.2,0,0,0,,,,,,,,
real_ecg_A,,AFDB,freq,0.1,0.2,0,0,0,,,,,,,,
real_ecg_A,,AFDB,phase,0.2,inf,27225,5,60,2.0360979935925992e-05,0.4172459016393444,77.89857789965887,85.72409011736035,86.42498092672616,83.55240627351358,90.03787574122155,
real_ecg_A,,AFDB,freq,0.2,inf,27225,5,60,2.4689446667247104e-05,0.40971236959761553,0.2479273841669487,0.78075739117876,0.730393766634971,0.7008934170395148,1.2172596803533255,
real_ecg_A,,NSRDB,phase,0.0,0.05,0,0,0,,,,,,,,
real_ecg_A,,NSRDB,freq,0.0,0.05,0,0,0,,,,,,,,
real_ecg_A,,NSRDB,phase,0.05,0.1,0,0,0,,,,,,,,
real_ecg_A,,NSRDB,freq,0.05,0.1,0,0,0,,,,,,,,
real_ecg_A,,NSRDB,phase,0.1,0.2,0,0,0,,,,,,,,
real_ecg_A,,NSRDB,freq,0.1,0.2,0,0,0,,,,,,,,
real_ecg_A,,NSRDB,phase,0.2,inf,48600,5,90,3.9087159159340445e-07,0.36899935358758884,82.27720728333338,88.78501050444126,87.47948093741672,85.4184158304445,89.51191751166175,
real_ecg_A,,NSRDB,freq,0.2,inf,48600,5,90,0.0001338094023333467,0.22211793435322788,0.1029782692574297,0.3127759252305249,0.13604673087801866,0.10742248385823994,0.4215425084032227,
real_eeg_A,,SleepEDF,phase,0.0,0.05,0,0,0,,,,,,,,
real_eeg_A,,SleepEDF,freq,0.0,0.05,0,0,0,,,,,,,,
real_eeg_A,,SleepEDF,phase,0.05,0.1,0,0,0,,,,,,,,
real_eeg_A,,SleepEDF,freq,0.05,0.1,0,0,0,,,,,,,,
real_eeg_A,,SleepEDF,phase,0.1,0.2,0,0,0,,,,,,,,
real_eeg_A,,SleepEDF,freq,0.1,0.2,0,0,0,,,,,,,,
real_eeg_A,,SleepEDF,phase,0.2,inf,63000,5,105,0.06159047166422545,0.04980431266846381,71.88505742731812,66.58931680699408,74.76483773299023,68.45017240470929,72.93187385668921,
real_eeg_A,,SleepEDF,freq,0.2,inf,63000,5,105,0.9588651256373277,-0.03363003465537133,0.7785598867214462,0.7661206341794811,0.7881821760360078,0.7779461252961785,0.7568603797776939,
real_ppg_B,,BIDMC,phase,0.0,0.05,0,0,0,,,,,,,,
real_ppg_B,,BIDMC,freq,0.0,0.05,0,0,0,,,,,,,,
real_ppg_B,,BIDMC,phase,0.05,0.1,0,0,0,,,,,,,,
real_ppg_B,,BIDMC,freq,0.05,0.1,0,0,0,,,,,,,,
real_ppg_B,,BIDMC,phase,0.1,0.2,0,0,0,,,,,,,,
real_ppg_B,,BIDMC,freq,0.1,0.2,0,0,0,,,,,,,,
real_ppg_B,,BIDMC,phase,0.2,inf,14784,4,154,8.529785388907601e-09,0.24970500818829275,60.91481802158282,64.38960859322465,91.52792959813954,88.48367970721227,,
real_ppg_B,,BIDMC,freq,0.2,inf,14784,4,148,0.0014491840428437197,0.08666662730186935,0.031348148083304994,0.05703379346465409,0.09656239904611197,0.0719736224650449,,
real_ppg_B,,DaLiA,phase,0.0,0.05,0,0,0,,,,,,,,
real_ppg_B,,DaLiA,freq,0.0,0.05,0,0,0,,,,,,,,
real_ppg_B,,DaLiA,phase,0.05,0.1,0,0,0,,,,,,,,
real_ppg_B,,DaLiA,freq,0.05,0.1,0,0,0,,,,,,,,
real_ppg_B,,DaLiA,phase,0.1,0.2,0,0,0,,,,,,,,
real_ppg_B,,DaLiA,freq,0.1,0.2,0,0,0,,,,,,,,
real_ppg_B,,DaLiA,phase,0.2,inf,58422,4,42,0.012362081401518274,0.20751005420528057,85.26644401546048,84.93413205712271,87.05807865531669,84.79707173656413,,
real_ppg_B,,DaLiA,freq,0.2,inf,58422,4,42,2.9821951804797946e-05,0.5429299994171476,0.3204723575885346,0.3620755289441464,0.5892572451795989,0.3303435503002667,,
real_ecg_B,,AFDB,phase,0.0,0.05,0,0,0,,,,,,,,
real_ecg_B,,AFDB,freq,0.0,0.05,0,0,0,,,,,,,,
real_ecg_B,,AFDB,phase,0.05,0.1,0,0,0,,,,,,,,
real_ecg_B,,AFDB,freq,0.05,0.1,0,0,0,,,,,,,,
real_ecg_B,,AFDB,phase,0.1,0.2,0,0,0,,,,,,,,
real_ecg_B,,AFDB,freq,0.1,0.2,0,0,0,,,,,,,,
real_ecg_B,,AFDB,phase,0.2,inf,25662,4,56,0.00505139334025488,0.18877331550028925,87.0377906560115,89.20242472824019,88.89365676998135,87.4466866485328,,
real_ecg_B,,AFDB,freq,0.2,inf,25662,4,55,0.21252353626872936,0.029360516934046392,1.3931533803600185,2.525986923911848,1.6907644983671668,1.6892822917000185,,
real_ecg_B,,NSRDB,phase,0.0,0.05,0,0,0,,,,,,,,
real_ecg_B,,NSRDB,freq,0.0,0.05,0,0,0,,,,,,,,
real_ecg_B,,NSRDB,phase,0.05,0.1,0,0,0,,,,,,,,
real_ecg_B,,NSRDB,freq,0.05,0.1,0,0,0,,,,,,,,
real_ecg_B,,NSRDB,phase,0.1,0.2,0,0,0,,,,,,,,
real_ecg_B,,NSRDB,freq,0.1,0.2,0,0,0,,,,,,,,
real_ecg_B,,NSRDB,phase,0.2,inf,45360,4,84,0.0033792190555569828,0.13346446078431384,88.40783306367508,87.5157454024329,90.03194913249335,89.48167783147125,,
real_ecg_B,,NSRDB,freq,0.2,inf,45360,4,83,0.55268440123508,-0.011440661943152153,0.09875322319129515,0.43217829248957207,0.10000881439414344,0.10806274972937419,,
tier2_ecg,,ECG,phase,0.0,0.05,0,0,0,,,,,,,,
tier2_ecg,,ECG,freq,0.0,0.05,0,0,0,,,,,,,,
tier2_ecg,,ECG,phase,0.05,0.1,0,0,0,,,,,,,,
tier2_ecg,,ECG,freq,0.05,0.1,0,0,0,,,,,,,,
tier2_ecg,,ECG,phase,0.1,0.2,0,0,0,,,,,,,,
tier2_ecg,,ECG,freq,0.1,0.2,0,0,0,,,,,,,,
tier2_ecg,,ECG,phase,0.2,inf,1920,4,240,6.654727223294246e-05,0.08033179636401917,85.66794988426224,83.26338227670388,83.00490582920072,79.80537289443028,,
tier2_ecg,,ECG,freq,0.2,inf,1920,4,47,0.977460391204962,-0.06509772389906009,0.09044883555340544,0.04438226698002459,0.09022098387336833,0.08633327800006263,,
tier2_ppg,,PPG,phase,0.0,0.05,0,0,0,,,,,,,,
tier2_ppg,,PPG,freq,0.0,0.05,0,0,0,,,,,,,,
tier2_ppg,,PPG,phase,0.05,0.1,0,0,0,,,,,,,,
tier2_ppg,,PPG,freq,0.05,0.1,0,0,0,,,,,,,,
tier2_ppg,,PPG,phase,0.1,0.2,0,0,0,,,,,,,,
tier2_ppg,,PPG,freq,0.1,0.2,0,0,0,,,,,,,,
tier2_ppg,,PPG,phase,0.2,inf,1440,3,180,0.5948454515040318,-0.005429902231101083,87.57470031368018,,86.38225744054853,84.54966713161151,,
tier2_ppg,,PPG,freq,0.2,inf,1440,3,171,0.038522262893195894,0.026863320807719117,0.10508923546353854,,0.11336452266689889,0.09841206103586764,,
