paradigm,condition,signal,fidelity,tau,p_value,ci_lo,ci_hi,p_perm_gt0,n_models,n_units
clean,,Drift_Harmonic,phase,0.7142857142857143,6.710364303783617e-05,0.6571428571428571,0.7904761904761906,0.0,15,20
clean,,Drift_Harmonic,freq,0.48571428571428577,0.01140991603041041,0.4476190476190477,0.5238095238095238,0.0045,15,20
clean,,Dual_Phase_Modulation,phase,0.8333333333333333,2.4419372499316283e-07,0.7666666666666667,0.9166666666666666,0.0,16,20
clean,,Dual_Phase_Modulation,freq,0.21666666666666667,0.26504598877832025,0.09999999999999999,0.3666666666666667,0.1295,16,20
clean,,Single_Phase_Modulation,phase,0.9333333333333332,3.558798821695647e-10,0.8499999999999999,0.9333333333333332,0.0,16,20
clean,,Single_Phase_Modulation,freq,0.7666666666666667,4.724511813632184e-06,0.71625,0.8333333333333333,0.0,16,20
state_transition,,Single_Phase_Modulation,phase,0.7904761904761906,4.906475309914463e-06,0.7523809523809525,0.8095238095238096,0.0,15,200
state_transition,,Single_Phase_Modulation,freq,0.6761904761904762,0.00019989992034469547,0.6380952380952382,0.7333333333333334,0.0,15,200
markov_dwell,,Single_Phase_Modulation,phase,0.8095238095238096,2.2746672052227607e-06,0.7333333333333334,0.8285714285714286,0.0,15,60
markov_dwell,,Single_Phase_Modulation,freq,0.5047619047619049,0.008269998948239689,0.37142857142857144,0.6761904761904762,0.004,15,60
real_ppg_A,,BIDMC,phase,0.8499999999999999,1.0202702466674028e-07,0.6833333333333333,0.9333333333333332,0.0,16,11
real_ppg_A,,BIDMC,freq,0.41666666666666663,0.025537540843845612,0.35,0.5499999999999999,0.0135,16,11
real_ppg_A,,BIDMC,peak_timing,,,,,0.0,16,11
real_ppg_A,,BIDMC,peak_f1,-0.7333333333333334,1.6268722183900755e-05,-0.8499999999999999,-0.6,1.0,16,11
real_ppg_A,,BIDMC,rr_err,0.43333333333333335,0.019780631759408317,-0.06666666666666667,0.65,0.009,16,11
real_ppg_A,,DaLiA,phase,0.5333333333333333,0.0033409618582506315,0.33333333333333337,0.7833333333333333,0.0015,16,3
real_ppg_A,,DaLiA,freq,0.41666666666666663,0.025537540843845612,0.06666666666666667,0.5333333333333333,0.0165,16,3
real_ppg_A,,DaLiA,peak_timing,,,,,0.0,16,3
real_ppg_A,,DaLiA,peak_f1,0.03333333333333333,0.8943512599699821,-0.15,0.5166666666666667,0.4505,16,3
real_ppg_A,,DaLiA,rr_err,0.39999999999999997,0.03262571359431892,0.19999999999999998,0.39999999999999997,0.0155,16,3
real_ecg_A,,AFDB,phase,0.6166666666666666,0.000514926454439,0.5,0.8666666666666667,0.001,16,4
real_ecg_A,,AFDB,freq,0.5333333333333333,0.0033409618582506315,0.43333333333333335,0.8166666666666667,0.004,16,4
real_ecg_A,,AFDB,peak_timing,,,,,0.0,16,4
real_ecg_A,,AFDB,peak_f1,-0.45,0.015155343637698342,-0.7666666666666667,-0.3,0.9935,16,4
real_ecg_A,,AFDB,rr_err,0.13333333333333333,0.505644437997331,-0.21666666666666667,0.45,0.2545,16,4
real_ecg_A,,NSRDB,phase,0.45,0.015155343637698342,0.35,0.65,0.0075,16,6
real_ecg_A,,NSRDB,freq,0.31666666666666665,0.09604970873347041,-0.11666666666666665,0.6666666666666667,0.044,16,6
real_ecg_A,,NSRDB,peak_timing,,,,,0.0,16,6
real_ecg_A,,NSRDB,peak_f1,-0.4666666666666666,0.011480597067017682,-0.5499999999999999,-0.2833333333333333,0.9955,16,6
real_ecg_A,,NSRDB,rr_err,0.13333333333333333,0.505644437997331,0.049999999999999996,0.2333333333333333,0.2635,16,6
real_eeg_A,,SleepEDF,phase,0.9333333333333332,3.558798821695647e-10,0.8499999999999999,0.9666666666666667,0.0,16,7
real_eeg_A,,SleepEDF,freq,0.06666666666666667,0.7565550254451803,-0.13333333333333333,0.18333333333333335,0.3945,16,7
real_ppg_B,,BIDMC,phase,0.961904761904762,1.8200249681731164e-10,0.8285714285714286,0.980952380952381,0.0,15,11
real_ppg_B,,BIDMC,freq,0.4666666666666667,0.015510823225067603,0.2571428571428572,0.7333333333333334,0.009,15,11
real_ppg_B,,BIDMC,peak_timing,0.5047619047619049,0.008269998948239689,0.18095238095238098,0.580952380952381,0.0035,15,11
real_ppg_B,,BIDMC,peak_f1,-0.6952380952380953,0.00011760372441589373,-0.8285714285714286,-0.6000000000000001,1.0,15,11
real_ppg_B,,BIDMC,rr_err,0.5428571428571429,0.00414288160001619,0.3904761904761905,0.7523809523809525,0.003,15,11
real_ppg_B,,DaLiA,phase,0.5047619047619049,0.008269998948239689,0.3904761904761905,0.6761904761904762,0.0045,15,3
real_ppg_B,,DaLiA,freq,0.23809523809523814,0.23945881568583288,0.10476190476190476,0.3523809523809524,0.121,15,3
real_ppg_B,,DaLiA,peak_timing,-0.20000000000000004,0.3282335876694342,-0.23809523809523814,0.028571428571428574,0.865,15,3
real_ppg_B,,DaLiA,peak_f1,0.3904761904761905,0.04629247541540862,0.23809523809523814,0.4476190476190477,0.025,15,3
real_ppg_B,,DaLiA,rr_err,0.20000000000000004,0.3282335876694342,-0.009523809523809525,0.3142857142857143,0.1585,15,3
real_ecg_B,,AFDB,phase,-0.37142857142857144,0.058995845051235264,-0.5047619047619049,0.29523809523809524,0.975,15,4
real_ecg_B,,AFDB,freq,-0.4476190476190477,0.020790615322361355,-0.6000000000000001,-0.10476190476190476,0.9915,15,4
real_ecg_B,,AFDB,peak_timing,0.028571428571428574,0.9225700904951897,-0.29523809523809524,0.37142857142857144,0.4655,15,4
real_ecg_B,,AFDB,peak_f1,0.3523809523809524,0.07433498084899375,-0.06666666666666668,0.4666666666666667,0.0335,15,4
real_ecg_B,,AFDB,rr_err,-0.6761904761904762,0.00019989992034469547,-0.7333333333333334,-0.18095238095238098,1.0,15,4
real_ecg_B,,NSRDB,phase,0.3904761904761905,0.04629247541540862,0.1619047619047619,0.561904761904762,0.0255,15,6
real_ecg_B,,NSRDB,freq,-0.18095238095238098,0.3794503959627968,-0.33333333333333337,0.009523809523809525,0.83,15,6
real_ecg_B,,NSRDB,peak_timing,0.04761904761904762,0.845841042458974,-0.20000000000000004,0.23809523809523814,0.4425,15,6
real_ecg_B,,NSRDB,peak_f1,0.3142857142857143,0.11424717239544455,0.028571428571428574,0.42904761904761646,0.053,15,6
real_ecg_B,,NSRDB,rr_err,-0.10476190476190476,0.6264945175158468,-0.23809523809523814,0.04761904761904762,0.726,15,6
